{"O_ShutterStock":{"link":"shutterstock.com/.*","res":":\nconst url = $[0];\n\nfunction syncFetch(u) {\n  const x = new XMLHttpRequest();\n  x.open('GET', u, false);\n  x.send();\n  if (x.readyState != 4) return;\n  if (x.status != 200) return;\n  return JSON.parse(x.responseText);\n}\n\nfunction findLargestImage(displays) {\n  if (!displays) {\n    return;\n  }\n  let largest = {\n    width: 0,\n  };\n  for (const val of Object.values(displays)) {\n    if (val.width > largest.width) {\n      largest = val;\n    }\n  }\n  // console.log(largest);\n  return largest.src;\n}\n\nfunction removeQueryParams(string) {\n  if (!string) {\n    return string;\n  }\n  const index = string.indexOf('?');\n  if (index < 0) {\n    return string;\n  }\n  return string.substring(0, index);\n}\n\nfunction getIdFromSlug(slug) {\n  const splits = slug.split('-');\n  if (splits.length === 0) {\n    return;\n  }\n  return removeQueryParams(splits[splits.length - 1]);\n}\n\nconst profileGalleryRegex = /shutterstock\\.com\\/(.*\\/)*g\\/(.*)/;\nmatch = url.match(profileGalleryRegex);\nif (match && match.length >= 2) {\n  console.log(match[match.length - 1]);\n  const profile = removeQueryParams(match[match.length - 1]);\n  if (!profile) {\n    return;\n  }\n  console.log(profile);\n  const json = syncFetch(`https://www.shutterstock.com/_next/data/123/en/_shutterstock/g/${profile}.json`);\n  const assets = json.pageProps.assets;\n  return assets.map(asset => {\n    const imageUrl = findLargestImage(asset.displays);\n    const caption = asset.title;\n    return [imageUrl, caption];\n  });\n}\nconst imageEditorialRegex = /shutterstock\\.com\\/(.*\\/)*editorial\\/image-editorial\\/(.*)/;\nmatch = url.match(imageEditorialRegex);\nif (match && match.length >= 2) {\n  const slug = match[match.length - 1];\n  const id = getIdFromSlug(slug);\n  if (!id) {\n    return;\n  }\n  // console.log(id);\n  const json = syncFetch(`https://www.shutterstock.com/_next/data/123/en/_shutterstock/editorial/image-editorial/${id}.json`);\n  const imageUrl = findLargestImage(json.pageProps.asset.displays);\n  const caption = json.pageProps.asset.title;\n  return [imageUrl, caption];\n}\nconst imagePhotoRegex = /shutterstock\\.com\\/(.*\\/)*image-photo\\/(.*)/;\nmatch = url.match(imagePhotoRegex);\nif (match && match.length >= 2) {\n  const slug = match[match.length - 1];\n  const id = getIdFromSlug(slug);\n  if (!id) {\n    return;\n  }\n  // console.log(id);\n  const json = syncFetch(`https://www.shutterstock.com/studioapi/images/${id}`);\n  const imageUrl = findLargestImage(json.data.attributes.displays);\n  const caption = json.data.attributes.title;\n  return [imageUrl, caption];\n}\nconst videoSearchRegex = /shutterstock\\.com\\/(.*\\/)*video\\/search\\/(.*)\\/*/;\nmatch = url.match(videoSearchRegex);\nif (match && match.length >= 2) {\n  const term = removeQueryParams(match[match.length - 1]);\n  const json = syncFetch(`https://www.shutterstock.com/_next/data/123/en/_shutterstock/video/search/${term}.json`)\n  // console.log(json);\n  if (!json || !json.pageProps || !json.pageProps.videos) {\n    return;\n  }\n  const videos = json.pageProps.videos;\n  const caption = (json.pageProps.query && json.pageProps.query.term) || term;\n  return videos.map(video => [video.previewVideoUrls.mp4, caption]);\n}\nconst imgSearchRegex = /shutterstock\\.com\\/(.*\\/)*search\\/(.*)\\/*/;\nmatch = url.match(imgSearchRegex);\nif (match && match.length >= 2) {\n  const term = removeQueryParams(match[match.length - 1]);\n  const json = syncFetch(`https://www.shutterstock.com/_next/data/123/en/_shutterstock/search/${term}.json`)\n  // console.log(json);\n  if (!json || !json.pageProps || !json.pageProps.assets) {\n    return;\n  }\n  const assets = json.pageProps.assets;\n  const caption = (json.pageProps.query && json.pageProps.query.term) || term;\n  // console.log(assets);\n  return assets.map(asset => [findLargestImage(asset.displays), caption]);\n}","img":"shutterstock.com/.*","note":"ammar786\nhttps://www.reddit.com/r/imagus/comments/z0zyox/comment/j0tzgxh\nOLD\nhttps://www.reddit.com/r/imagus/comments/co5d0k/comment/ewj7k9s\n\n!!!\nНа данный момент фильтр работает не везде/нуждается в апгрейде.\n==\nAt the moment, the rule does not work everywhere/needs an upgrade.\n\nEXAMPLES\nhttps://www.shutterstock.com/ru/search/bruce-willis\nhttps://www.shutterstock.com/ru/video/search/dance\nhttps://www.shutterstock.com/ru/image-photo/stylish-man-woman-dancing-hiphop-bright-1823945150\nhttps://www.shutterstock.com/ru/search/yellow-flowers?image_type=illustration\nhttps://www.shutterstock.com/ru/search/yellowstone?image_type=vector"}}