{"R_4PDA.to_video":{"link":"^4pda\\.to/forum/dl/post/(\\d+)/.+\\.mp4","url":"https://4pda.to/forum/index.php?act=attach&id=$1","res":":\nreturn $._.match(/<a id=\"\\w+\" href=\"([^\"]+)\" target=\"_blank\">/)[1]+'#mp4';\n","note":"Baton34V\nhttp://forum.ru-board.com/topic.cgi?forum=5&topic=50874&start=1580#9\n\nПРИМЕРЫ\nhttps://4pda.to/forum/index.php?showtopic=1033108&st=7000#entry112592151\nhttps://4pda.to/forum/index.php?showtopic=1033108&st=14340#entry118319776\nhttps://4pda.to/forum/index.php?showtopic=1033108&st=15180#entry119283914"}}