{"O_AIBooru.online-x":{"useimg":1,"link":"aibooru\\.online\\/posts\\/\\d+","res":":\nlet url;\n//if set to false, the largest possible media will be selected rather as opposed to web optimized media\nlet prefer_lowres=true;\nif(prefer_lowres){\n url = ($._.match(/src=\"((?=https:\\/\\/cdn)[^\"]+)/) || [])[1];\n}else{\n url = ($._.match(/secure_url\" content=\"([^\"]+)/) || [])[1];\n}\nconsole.log(url);\nreturn [url];","img":"^(?:s?(?:img|thumb|cdn)\\d?\\.|assets\\.)?(aibooru\\.online/+)(?:sample|thumb(?:nail)?|\\d+x\\d+)?/(\\w\\w/\\w\\w)/(?:thumbnail|sample-)?([\\da-f]+).*","to":"#cdn.$1/original/$2/$3.#png mp4 webm webp jpg gif jpeg#\ncdn.$1sample/$2/sample-$3.#png webp jpg gif jpeg#","note":"throwawayS251\nhttps://www.reddit.com/r/imagus/comments/13fm75l/comment/jjzlfo6\nOLD\nhttps://www.reddit.com/r/imagus/comments/11s43t5/aibooruonline_sieve_update\nhttps://www.reddit.com/r/imagus/comments/102rqm3/comment/j30in85\n\nEXAMPLES\nhttps://aibooru.online/artists/903\nhttps://aibooru.online/posts?tags=bangs&z=2\nhttps://aibooru.online/posts?tags=animated&z=5"}}