{"Reddit-gallery":{"link":"^(reddit\\.com/)gallery/([\\da-z]+).*","url":"https://www.$1by_id/t3_$2.json","res":":\n$=JSON.parse($._).data.children[0].data\nreturn ($.gallery_data && $.gallery_data.items || []).map(function(c, i) {\n var u=$.media_metadata[c.media_id].s\n return [\n  (u.u ? u.u.replace(/preview(\\.redd.it\\/[^?]+).*/, 'i$1') : (u.mp4 ? u.mp4 + '#mp4' : u.gif)),\n  (!i ? '[' + new Date($.created_utc*1e3).toLocaleString() + ' | ' + $.title + '] ' : '') + (c.caption || '')\n ]\n})","note":"ПРИМЕРЫ / EXAMPLES\nhttps://www.reddit.com/r/all/\n(gif)\nhttps://www.reddit.com/r/noita/\n(альбомы / albums)\nhttps://www.reddit.com/domain/reddit.com/\nhttps://old.reddit.com/r/HollowKnight/comments/hveifp/some_lowpoly_hollow_knight_fanarts_i_made/"},"Reddit-v.redd.it":{"link":"^(?:v\\.redd\\.it|(?:[^.]{2,5}\\.)?reddit\\.com/link/[\\da-z]+/video)(/[\\da-z]+).*","url":"//v.redd.it$1/DASHPlaylist.mpd","res":":\nvar v=0,u,m=$._.match(/width=\"\\d+\">\\s*<BaseURL>([^<]+)/g)\nif(!m)return m\nm.forEach(function(m){\n m=m.match(/\"(\\d+)\">[^>]+>(.+)/)\n if(m[1] > v) {v=m[1]|0; u=m[2]}\n})\nreturn (/^https:\\/\\//.test(u)?u:'//v.redd.it'+$[1]+'/'+u)+'#mp4'","img":"^preview(\\.redd.it/[^?]+)\\?.*","to":":\nreturn $[0].indexOf('format=mp4')>0 ? $[0]+'#mp4' : 'i'+$[1]","note":"!!!\nНужен для показа ссылок в формате preview.redd.it\n==\nNeeded to display links in the format preview.redd.it\n\nПРИМЕРЫ / EXAMPLES\nhttps://www.reddit.com/domain/v.redd.it/new/\nhttps://www.reddit.com/r/gifs/\nhttps://www.reddit.com/r/all/"},"Reddit-media":{"link":"^(?:[a-z]{2}(?:-[a-z]{2})?\\.|beta\\.|old\\.)?reddit\\.com/(?:r|user)/[^/]+/comments/([\\da-z]+)/[^/]+/(?:\\?utm_content=(?:title|thumbnail).*)?$","loop":1,"img":"^(g\\.redditmedia\\.com/[\\w-]+\\.gif\\?(?:[^&]+&)*?fm=mp4[^#]*)(.*)","to":":\nif($[2]!==0)return $[2]=='#mp4'?$[0]:$[1]+'#mp4'\nvar u,p,c,n=window.location.hostname.slice(-10)=='reddit.com'&&this.node\nif(!n)return''\nif(n.matches('div.link a.thumbnail,div.link a.thumbnail>img, div.link a.title, div.link a.thumbnail.image')) {\n p=n;while((p=p.parentElement)&&!p.matches('div.link'));\n u=p.dataset, u=u.url||u.hrefUrl\n if(u&&/(v\\.redd\\.it|\\.reddit\\.com\\/gallery)\\//.test(u))return u\n c=p&&p.querySelector('div.expando[data-cachedhtml]')\n c=c&&c.getAttribute('data-cachedhtml')\n u=c&&c.match(/(?:<a href|(?:class=\"preview\"|<source) src)=\"([^\"]+)/g)\n if(u) {\n  u=u.map(function(i){\n   var u=i.slice(i.lastIndexOf('\"')+1).replace(/&amp;/g,'&');\n   return u+(i[1]=='s'?'#mp4':'')\n  });\n  u=c.indexOf('<source')!=-1?u.reverse():u\n  return u.length?u.join('\\n'):''\n }\n u=p.dataset, u=u.url||u.hrefUrl\n}else if(n.matches('a.Post__titleLink')) {\n u = n.closest('.Post__top').querySelector('a.PostThumbnail').href\n}else if(n.matches('a[data-click-id=body]>div>h3,.Post div>div[role=img]')){\n p=n.closest('div[id^=t3_]');\n if(p&&p.querySelector('p,i.icon-text'))return ''\n p=p.querySelector('a>.icon-outboundLink')\n p=p ? p.parentElement : {href: '//www.reddit.com/by_id/t3_'+$[1]+'.json'}\n p=this.find({href: p.href, IMGS_TRG: n})\n n.title = n.getAttribute('aria-label') || n.title\n return (Array.isArray(p) ? p.join('\\n') : (p === null ? 'null' : p)) || ''\n}\nreturn u&&/^(https?:)?\\/\\/i\\.redd\\.?it/.test(u)?u:''","note":"ПРИМЕРЫ / EXAMPLES\nhttps://www.reddit.com/r/all/\nhttps://www.reddit.com/r/noita/\n(альбомы / albums)\nhttps://www.reddit.com/domain/reddit.com/"},"Reddit-post":{"link":"^reddit\\.com/by_id/(t3_[\\da-z]+)","res":":\n$=JSON.parse($._).data.children[0].data\nif($.crosspost_parent)$=$.crosspost_parent_list[0]\nreturn $.is_video || $.is_gallery ? {loop:$.url} : !0"},"Reddit-thumbs":{"link":"^rt/\\?(http.+)","url":"$1","res":":\nvar t, r=['<meta[^>]+?property=[\\'\"]?og:','[\\'\"]?\\\\s[^>]*?content=[\\'\"]([^\\'\">]+)'], m = $._.match(RegExp(r[0]+'image(?::url)?'+r[1]))\nreturn m ? [m[1], (t = $._.match(RegExp(r[0]+'title'+r[1])))&&t[1]] : !1","img":"^(?:i\\.r(eddituploads\\.com|ddt\\.co)/[\\da-f]{32}\\?|[a-f]\\.thumbs\\.redditmedia\\.com/[\\w-]{16,43}\\.jpg$)","loop":2,"to":":\nvar u,n=!$[1]&&this.node,x=n&&n.matches('.Post div>div[role=img]');\nn && (n.title = n.getAttribute('aria-label') || n.title);\nreturn x&&(x=n.closest('.Post')) && (x=x.querySelector('div>a[data-click-id=body][href]'))\n? x.href\n: n&&n.matches('div.link>a.thumbnail>img, .PostThumbnail>img, a>div[role=img]')&&n.parentNode.href ? '//rt/?'+n.parentNode.href : $[0]"}}