{"O_RedGIFs_gallery-x":{"link":"^(?:i\\.)?redgifs\\.com/(?:watch|i)/(\\w+).*","url":": !this.rg_auth ? 'https://api.redgifs.com/v2/auth/temporary' : 'data:,'+$[1]","res":":\nif(!this.rg_auth)this.rg_auth=JSON.parse($._).token\nlet x=new XMLHttpRequest()\nx.open('Get','https://api.redgifs.com/v2/gifs/'+$[1],false)\nx.setRequestHeader(\"Authorization\",\"Bearer \"+this.rg_auth)\nx.send()\nif(x.status!==200)return null\nconst jsn=JSON.parse(x.responseText).gif\nconst t=[jsn.tags.join(\", \").replace(/.+/,'[$&]'),jsn.userName,new Date(jsn.createDate*1000).toLocaleString(),jsn.description].filter(Boolean).join(\" | \")\nif(!jsn.gallery){\nreturn [jsn.urls.hd,t]\n}else{\nx.open('Get','https://api.redgifs.com/v2/gallery/'+jsn.gallery,false)\nx.setRequestHeader(\"Authorization\",\"Bearer \"+this.rg_auth)\nx.send()\nreturn JSON.parse(x.responseText).gifs.map((i,n)=>[i.urls.hd,(!n?t:'')])\n}","note":"imqswt\nhttps://www.reddit.com/r/imagus/comments/14z7zfs/comment/js0wm5v\n\n!!!\nДанный фильтр должен находиться ПЕРЕД фильтром \"O_RedGIFs|Gfycat|Gifdelivery-x\".\n+\nВ некоторых случаях курсор нужно наводить на НАЗВАНИЕ или ДАТУ ролика.\n==\nThis sieve should be placed BEFORE the \"O_RedGIFs|Gfycat|Gifdelivery\" sieve.\n+\nIn some cases, you need to hover the cursor over the TITLE or DATE of the video.\n\n\nПРИМЕРЫ / EXAMPLES\nhttps://www.reddit.com/domain/i.redgifs.com/new/\nhttps://www.redgifs.com/explore/images?order=new\nhttps://www.reddit.com/domain/redgifs.com/\nhttps://www.redgifs.com/gifs/celebrity"}}