{"O_Civitai.com":{"useimg":1,"link":"^civitai\\.com/(?:\\w+/\\d+/.+|(?:models|images)/\\d+)","res":":\nlet u = $._.match(/https:\\/\\/image\\.civitai\\.com\\/[^\\/]+\\//);\nif(!u)u = 'https://image.civitai.com/xG1nkqKTMzGDvpLrqFT7WA/'\nlet o = JSON.parse($._.match(/\"application\\/json\">({.*?})</)[1]).props.pageProps.trpcState.json.queries[0].state.data;\nreturn o.pages ? o.pages[0].items.map(i=>[u+i.url+'/'+i.name]) : u+o.url+'/'+o.name","img":"^(image\\.civitai\\.com/[^/]+/[^/]+)/width=\\d+","to":"$1","note":"Imagus_fan\nhttps://www.reddit.com/r/imagus/comments/14a8zx7/comment/joek6i1\n\nEXAMPLES\nhttps://civitai.com/articles\nhttps://civitai.com/tag/green\nhttps://civitai.com/user/no_data/models\nhttps://www.reddit.com/domain/civitai.com/new/"}}