{"O_kbin.social":{"link":"^kbin\\.social/m/.+/t/(?!.*#comments).+","loop":3,"img":"^(kbin\\.social)/media/cache/resolve/[^/]+","to":":\nconst t = this.node;\nreturn $[1] ? '//media.'+$[1] : t.offsetParent?.querySelector('button[class=\"show-preview\"]')?.dataset.previewUrlParam??t.src?.replace(/^https:\\/\\/([^\\/]+)\\/media\\/cache\\/resolve\\/[^\\/]+(\\/.*)/,'https://media.$1$2')??t.firstElementChild?.src??''","note":"imqswt\nhttps://www.reddit.com/r/imagus/comments/14cetar/comment/joyh3pa\n\nEXAMPLES\nhttps://kbin.social/microblog?p=1\nhttps://kbin.social/m/playingcards\nhttps://kbin.social/u/Teali0/threads\nhttps://kbin.social/m/starwarsmemes@lemmy.world/t/67916/it-s-treason-then\nhttps://kbin.social/search?q=redgifs"}}