{"O_Yupoo.com":{"link":"^[^.]+\\.x\\.yupoo\\.com/albums/.*","res":":\nlet m = [...$._.matchAll(/data-origin-src=\"([^\"]+)/g)].map(i=>[i[1]])\nm.unshift(m.splice(m.findIndex(i=>(i[0].match(/photo\\.yupoo\\.com\\/[^\\/]+\\/([^/]+)/)||[,''])[1]===(this.node.previousElementSibling.src.match(/photo\\.yupoo\\.com\\/[^\\/]+\\/([^/]+)/)||[,'null'])[1]),1)[0])\nreturn m","img":"^[^.]+\\.yupoo\\.com/.+\\.(?:png|jpe?g)","to":":\nif(/ic_play/.test($[0])){\nlet m = this.node.closest('div[data-type=\"video\"]')?.firstElementChild.dataset;\nreturn m ? m.src.match(/\\/\\/[^\\/]+/) + m.path + (!/\\.mp4/.test(m.path) ? '#mp4' : '') : ''\n} else if (/\\/small/.test($[0])){\nreturn this.node.offsetParent.firstElementChild.dataset.originSrc\n} else {\nreturn $[0]\n}\n","note":"Imagus_fan\nhttps://www.reddit.com/r/imagus/comments/14iuu77/comment/jpse4k9\n\nEXAMPLES\nhttps://www.reddit.com/r/imagus/comments/14iuu77/imagus_sieve_for_yupoo/"}}