{"ImageFap-x":{"link":"^imagefap\\.com/(?:photo/|/image\\.php\\?id=)(\\d+).*","url":"https://www.imagefap.com/photo/$1/","res":"original=\"([^?]+$1[^\"]+)","img":"^(?:cdn|cdnh\\d*\\.imagefap\\.com|(?:x\\d*\\.)?fap\\.to)/images/[^?]+/(\\d+).*","note":"!!!\nВ РФ нужен прокси.\n+\nДля показа видео необходимо правило для SMH (см.ЧаВо, п.12).\n==\nTo show the video, you need a rule for SMH (see FAQ, p.12).\n\nПРИМЕРЫ / EXAMPLES\nhttps://www.reddit.com/domain/imagefap.com/\nhttps://www.imagefap.com/browse-video.php?page=6\nhttps://www.imagefap.com/pictures/11026026/captions"}}