{"R_Apteka.ru":{"link":"^apteka\\.ru/product/.*/","res":":\nvar i = $._.indexOf('<div class=\"ViewProductPage__photo\">');\nif(i<0) { return null; }\nvar t = $._.indexOf('</ul>', i);\nif(t<0) { return null; }\nvar res = [];\nvar re = /src=\"([^\"]+)\"/gi\nvar a = re.exec( $._.substring(i,t) );\nwhile(a)   {\n   res.push([a[1].replace('preview','original')]);\n   a = re.exec( $._.substring(i,t) );\n}\nreturn res;\n","img":"(images\\.apteka\\.ru\\/)medium(_.+\\.jpeg)","to":"$1original$2","note":"Baton34V\nhttp://forum.ru-board.com/topic.cgi?forum=5&topic=50874&start=1660#20\nOLD\nhttp://forum.ru-board.com/topic.cgi?forum=5&topic=48222&start=2860#3\nhttp://forum.ru-board.com/topic.cgi?forum=5&topic=48222&start=2280#21\n\nПРИМЕРЫ\nhttps://apteka.ru/search/?q=витамины"}}