{"R_Rozetka.com.ua":{"link":"^rozetka\\.com\\.ua/(ua/)?.*","res":":\nvar source = $._.match(/},(&q;images&q;:\\[{.+?}\\]),/)[1].replace(/&q;/gi,'\"');\nvar jso=JSON.parse('{'+source+'}');\nvar res=[];\njso.images.forEach(function(item) {\n  res.push([item.original.url]);\n});\nreturn res;\n","img":"^i\\d+\\.rozetka\\.ua/goods/\\d+/record_\\d+\\.jpg$","note":"Baton34V\nhttp://forum.ru-board.com/topic.cgi?forum=5&topic=50874&start=1660#20\nOLD\nhttp://forum.ru-board.com/topic.cgi?forum=5&topic=50874&start=1120#17\nhttp://forum.ru-board.com/topic.cgi?forum=5&topic=48222&start=3760#8\n\n!!!\nВ РФ нужен прокси.\n\nПРИМЕРЫ\nhttps://rozetka.com.ua/all-tv/c80037/unique=50134/\nhttps://rozetka.com.ua/mobile-phones/c80003/filter/preset=budget_smartphones/"}}