{"R_Vprok.ru":{"link":"^(zoo\\.)?vprok\\.ru/product/[\\w-]+","res":":\nfunction htmlDecode(input) {\n  var doc = new DOMParser().parseFromString(input, \"text/html\");\n  return doc.documentElement.textContent;\n}\nvar res = [];\nvar i = $._.indexOf('<div class=\"Carousel_slides__');\nif(i>0) {\n  var t = $._.indexOf('</div></div></div></div></div></div>', i);\n  if(t<0) {return null; }\n  var re = /<img srcSet=\"([^ ]+) 2x\"/gi\n  var data=$._.substring(i,t);\n  var a = re.exec(data);\n  while(a)   {\n     res.push([a[1]]);\n     a = re.exec(data);\n  }\n}\nelse {\n  let txt=$._.match(/<product-gallery initial-data=\"([^\"]+)\">/i);\n  if (txt) {\n    let jsn=JSON.parse(htmlDecode(txt[1]));\n    for (let img of jsn.images) {\n      res.push([img.fullsize_src]);\n    }\n  }\n}\nreturn res;","img":"^(static\\d\\d\\.vprok\\.ru/src/review/)\\w+\\.\\d+(/image/[^.]+\\.\\w+)","to":"$1full$2","note":"Baton34V\nhttp://forum.ru-board.com/topic.cgi?forum=5&topic=50874&start=1680#2\nOLD\nhttp://forum.ru-board.com/topic.cgi?forum=5&topic=50874&start=100#2\n\nПРИМЕРЫ\nhttps://www.vprok.ru/catalog/1532/chay?sort=price_asc\nhttps://zoo.vprok.ru/catalog/1571/suhoy-korm\nhttps://www.vprok.ru/catalog/3361/poroshki?naznachenie-poroshki%5B%5D=dlya-tsvetnyh-tkaney"}}