{"R_Wildberries.ru":{"link":"^wildberries\\.ru/catalog/(\\d+)/(detail\\.aspx|feedbacks)(\\S+)?","url":"data:,none?$1$2$3","res":":\n//debugger;\nvar r = [];\nconst x = new XMLHttpRequest();\nx.open('GET', 'https://wbx-content-v2.wbstatic.net/ru/' + $[1] + '.json', false);\nx.send();\nconst info = JSON.parse(x.responseText);\n\n// fetch item photos\n// skip when triggered by feedback links or elements\nif ($[2] == 'detail.aspx' && !$[3]?.includes('#Comments') && !this.TRG.className.includes('product-card__rating') && !this.TRG.className.includes('product-card__count')) {\n    const folder = 1e4 * Math.floor(info.nm_id / 1e4);\n    if (info.media.has_video) {\n        r.push([`https://video.wbstatic.net/video/new/${folder}/${info.nm_id}.mp4`, info.imt_name]);\n    }\n\n    for (var i = 1; i <= info.media.photo_count; i++) {\n        // r.push([`https://images.wbstatic.net/big/new/${folder}/${info.nm_id}-${i}.jpg`, info.imt_name]);\n        r.push([imageUrl(info.nm_id, 'big', i), info.imt_name]);\n    }\n}\n\n// fetch feedback photos page by page\nx.open('GET', `${feedbackDomain(info.imt_id)}/feedbacks/v1/${info.imt_id}`, false);\nx.send();\nconst resp = JSON.parse(x.responseText);\nresp.feedbacks?.forEach(f => f.photo?.forEach(p => r.push([\n    urlFeedbackPhoto(p),\n    '&#11088;'.repeat(f.productValuation) + '&#9734;'.repeat(5 - f.productValuation) + f.text\n])));\n\nif (r.length == 0) r = false;\n\nreturn r;\n\n\nfunction urlFeedbackPhoto(e) {\n    const n = parseInt(e, 10);\n    return `${constructHostV2(n, \"feedback\")}/photos/fs.webp`\n}\n\nfunction feedbackDomain(t) {\n    const e = crc16Arc(t) % 100 >= 50 ? \"2\" : \"1\";\n    return `https://feedbacks${e}.wb.ru`;\n}\n\nfunction imageUrl(id, size, number) {\n    var i = parseInt(id, 10);\n    var ext = \"jpg\";\n    var url = constructHostV2(i);\n    return \"\".concat(url, \"/images/\").concat(size, \"/\").concat(null != number ? number : 1, \".\").concat(ext)\n}\n\nfunction volHostV2(t) {\n  return t >= 0    && t <= 143  ? \"//basket-01.wb.ru/\"\n       : t >= 144  && t <= 287  ? \"//basket-02.wb.ru/\"\n       : t >= 288  && t <= 431  ? \"//basket-03.wb.ru/\"\n       : t >= 432  && t <= 719  ? \"//basket-04.wb.ru/\"\n       : t >= 720  && t <= 1007 ? \"//basket-05.wb.ru/\"\n       : t >= 1008 && t <= 1061 ? \"//basket-06.wb.ru/\"\n       : t >= 1062 && t <= 1115 ? \"//basket-07.wb.ru/\"\n       : t >= 1116 && t <= 1169 ? \"//basket-08.wb.ru/\"\n       : t >= 1170 && t <= 1313 ? \"//basket-09.wb.ru/\"\n       : t >= 1314 && t <= 1601 ? \"//basket-10.wb.ru/\"\n       : t >= 1602 && t <= 1655 ? \"//basket-11.wb.ru/\"\n       : \"//basket-12.wb.ru/\";\n}\n\nfunction volFeedbackHost(e) {\n  return e >= 0   && e <= 431  ? \"//feedback01.wb.ru/\"\n       : e >= 432 && e <= 863  ? \"//feedback02.wb.ru/\"\n       : e >= 864 && e <= 1295 ? \"//feedback03.wb.ru/\"\n       : \"//feedback04.wb.ru/\";\n}\n\nfunction constructHostV2(id, t = \"nm\") {\n  const e = parseInt(id, 10),\n        n = ~~(e / 1e5),\n        r = ~~(e / 1e3);\n  return `${\"nm\" === t ? volHostV2(n) : volFeedbackHost(n)}vol${n}/part${r}/${e}`;\n}\n\nfunction numToUint8Array(r) {\n    const t = new Uint8Array(8);\n    for (let n = 0; n < 8; n++)\n        t[n] = r % 256,\n        r = Math.floor(r / 256);\n    return t\n}\n\nfunction crc16Arc(r) {\n    const t = numToUint8Array(r);\n    let n = 0;\n    for (let r = 0; r < t.length; r++) {\n        n ^= t[r];\n        for (let r = 0; r < 8; r++)\n            (1 & n) > 0 ? n = n >> 1 ^ 40961 : n >>= 1\n    }\n    return n\n}","img":"(^feedback\\d+\\.wb\\.ru/.+/photos)/ms.webp","ci":2,"to":"$1/fs.webp","note":"hababr\nhttp://forum.ru-board.com/topic.cgi?forum=5&topic=50874&start=1900#16\nOLD\nhttp://forum.ru-board.com/topic.cgi?forum=5&topic=50874&start=1200#9\nhttp://forum.ru-board.com/topic.cgi?forum=5&topic=50874&start=660#2\nhttp://forum.ru-board.com/topic.cgi?forum=5&topic=50874&start=460#10\n\n\n!!!\nФильтр подгружает также оценку + фото + тексты отзывов, сделанных покупателями."}}