{"O_4shared.com":{"link":"4shared\\.com/(?:s|all-images|photo|video)/.*","res":":\nif(/4shared\\.com\\/all-images\\//.test($.base)){\nif(!this.array){this.array = []}\nthis.array.push(...[...$._.matchAll(/<img class=\"jsImageThumbnailLink\" src=\"([^\"]+)/g)].map(i=>[i[1]]));\nreturn /<a class=\"jsAllImagesNext submit-gray no-line\" href=\"/.test($._) ? {loop:'https://www.4shared.com'+$._.match(/<a class=\"jsAllImagesNext submit-gray no-line\" href=\"([^\"]+)/)[1]} : (()=>{const res = this.array; delete this.array; return res})();\n} else {\nreturn $._.match(/(?:<img id=\"zoom_image\" src=\"|[^{]file: ')(https:\\/\\/[^.]+\\.4shared\\.com\\/img\\/[^'\"]+)/)[1]\n}","img":"((?:[^.]+\\.)?4shared\\.com/img/[^?]+/)s20(/.*)","to":"$1s23$2","note":"Imagus_fan\nhttps://www.reddit.com/r/imagus/comments/130svfu/comment/jn8v5j7\n\nПРИМЕРЫ / EXAMPLES\nhttps://www.4shared.com/s/fG3QcGhWTea\nhttps://www.4shared.com/s/fc-dAX9fsea\nhttps://www.4shared.com/s/fweqrZWJcea\nhttps://www.4shared.com/all-images/2fZt0j6U/Свечи.html"}}