{"O_allegroimg.com":{"link":"(\\w\\.allegroimg\\.com/)(?:original|s\\d+)(/.*)","img":"(\\w\\.allegroimg\\.com/)(?:original|s\\d+)(/.*)","to":"$1original$2","note":"Imagus_fan\nhttps://www.reddit.com/r/imagus/comments/130svfu/comment/jn8v5j7\n\nEXAMPLES\nhttps://a.allegroimg.com/original/1e5533/c5420a364528abdab37bee60877f\nhttps://a.allegroimg.com/s1024/0cbc4f/0273999c4bcb98e12d0c0f81a3f6\nhttps://a.allegroimg.com/s720/03dbc3/14b24c82482ea953a03e34e8da61/Renifer-kupidyn-Wiktorianska-kolekcja-Jim-Shore-V-Motyw-zwierzeta"}}