{"O_DailyMotion":{"link":"dailymotion\\.com/(?:embed/)?video/(\\w+)","url":"https://www.dailymotion.com/player/metadata/video/$1","res":":\nconst json = JSON.parse($._);\nconst res = json.qualities?.auto.length?[json.qualities.auto[0].url,json.title]:''\nthis.TRG.IMGS_ext_data = [\n  '//' + 'data:image/svg+xml,<svg xmlns=\"http://www.w3.org/2000/svg\" width=\"1280\" height=\"720\"></svg>',\n  `<imagus-extension type=\"videojs\" url=\"${res}\"></imagus-extension>${json.title} | ${json.owner.screenname}`\n]\nreturn res.length ? {loop:'imagus://extension'} : ''","note":"Imagus_fan\nhttps://www.reddit.com/r/imagus/comments/130svfu/comment/jns5il6\n\nEXAMPLES\nhttps://www.dailymotion.com/video/x86advk\nhttps://www.reddit.com/domain/dailymotion.com/\nhttps://www.dailymotion.com/search/SPORT/videos"}}