{"O_Filepicker.io":{"link":"^((?:cdn\\.|www\\.)?filepicker\\.io/api/file/[^/]+).*","img":"^((?:cdn\\.|www\\.)?filepicker\\.io/api/file/[^/]+).*","to":"$1","note":"Imagus_fan\nhttps://www.reddit.com/r/imagus/comments/130svfu/comment/jn8v5j7\n\nEXAMPLES\nhttps://www.reddit.com/domain/filepicker.io/new/\nhttps://cdn.filepicker.io/api/file/YV95RZINRKF3y0EufywX/convert?fit=max&h=874&w=1312&compress=true\nhttps://cdn.filepicker.io/api/file/JLLAQcr7TCmTDbtrhY24?\nhttps://www.filepicker.io/api/file/SWqegzqTn6SwVodEEGC2"}}