{"O_foto.SP-Shopogoliki.ru":{"link":"(foto\\.sp-shopogoliki\\.ru/images/[^.]+\\.[^.]+).html","img":"(foto\\.sp-shopogoliki\\.ru/images/[^.]+\\.[^.]+).html","to":"$1","note":"Imagus_fan\nhttps://www.reddit.com/r/imagus/comments/130svfu/comment/jnrcrmb\n\nПРИМЕРЫ\nhttps://foto.sp-shopogoliki.ru/images/2023/03/4u14uvscso382ebvxny3.jpg.html\nhttps://foto.sp-shopogoliki.ru/images/2023/03/wneps6wfc96yn7cy5dji.jpg.html\nhttps://foto.sp-shopogoliki.ru/images/2023/03/8r470shklccwfjyn9ng1.png.html"}}