{"O_frgimages.com_CDN":{"link":"((?=.*\\.jpg)frgimages\\.com/.*)","img":"((?=.*\\.jpg)frgimages\\.com/.*)","to":"$1","note":"Imagus_fan\nhttps://www.reddit.com/r/imagus/comments/130svfu/comment/jn8v5j7\n\nEXAMPLES\nhttps://ansel.frgimages.com/new-york-knicks/stephon-marbury-isiah-thomas-signed-espn-the-magazine-new-york-knicks-autograph_ss2_p-10908711+u-udpmxpek4t3ad0au6xx+v-fcdce519ec974cedab0e57bd3e1c6498.jpg?_hv=1&w=900\nhttps://fanatics.frgimages.com/productimages/_3661000/altimages/ff_3661809-e477075f96b81ee74a30alt1_full.jpg\nhttps://fanatics.frgimages.com/FFImage/thumb.aspx?i=/productimages/_3066000/altimages/ff_3066350alt1_full.jpg&w=325"}}