{"O_Happy-Team.org_himagem":{"link":"happy-team\\.org/himagem/\\?pm=(\\w+)","img":"happy-team\\.org/himagem/\\?pm=(\\w+)","to":"happy-team.org/himagem/image.php?di=$1","note":"Imagus_fan\nhttps://www.reddit.com/r/imagus/comments/130svfu/comment/jn8v5j7\n\n!!!\nНеобходимо правило для SMH (см.ЧаВо, п.12).\n==\nNeed a rule for SMH (see FAQ, p.12).\n\n\nEXAMPLES\nhttps://happy-team.org/himagem/?pm=9TK3\nhttps://happy-team.org/himagem/?pm=EA47\nhttps://happy-team.org/himagem/?pm=A0RZ"}}