{"O_ImgHost.pl":{"useimg":1,"link":"imghost\\.pl/(?:index.php)?\\?id=([a-z0-9]+)","img":"imghost\\.pl/thumbs/([^.]+)\\.([a-z]+)","to":":\nreturn 'https://www.imghost.pl/images/'+$[1]+'.#'+($[2]?$[2]:'jpg gif png jpeg')+'#'","note":"Imagus_fan\nhttps://www.reddit.com/r/imagus/comments/130svfu/comment/jn8v5j7\n\n!!!\nНеобходимо правило для SMH (см.ЧаВо, п.12).\n==\nNeed a rule for SMH (see FAQ, p.12).\n\nEXAMPLES\nhttp://www.imghost.pl/?id=e3f603ee58\nhttp://imghost.pl/index.php?id=fd81809566\nhttp://imghost.pl/index.php?id=0e8124552b"}}