{"O_Letterboxd":{"link":"(letterboxd\\.com/)(?:[^/]+/)?(film/[^/]+)/?$","url":"https://$1$2/","res":":\nconst o = JSON.parse($._.match(/\\{\".*?[\\]}]}\\n/));\nif(!o)return null;\nconst maxCast = 20;\nconst d = [o.name, ($._.match(/\"description\" content=\"([^\"]+)/)||[,''])[1], o.countryOfOrigin ? o.countryOfOrigin.map(i=>i.name).join(\", \") : '', o.releasedEvent[0]?.startDate, o.aggregateRating?.ratingValue ? 'Rating: '+o.aggregateRating.ratingValue+'/5' : '',[...$._.matchAll(/(Language)<\\/span><\\/h3>[\\W\\w]+?\"text-slug\">([^<]+)/g)].map(i=>i[1].replace(/(.*)/,'$1: ')+i[2]), o.productionCompany&&o.productionCompany.map((i,n,m)=>(!n?'Studio'+(m.length>1?'s':'')+': ':'')+i.name).join(\", \"), o.genre&&o.genre.length ? 'Genre'+(o.genre.length > 1 ? 's: ' : ': ')+o.genre.join(\", \"):'',o.director ? 'Director'+(o.director.length > 1 ? 's: ' : ': ' )+o.director.map(i=>i.name).join(\", \"): '', o.actors ? 'Cast: '+o.actors.flatMap((i,n)=>n<maxCast?i.name:[]).join(\", \")+(o.actors.length > maxCast ? '...' : ''): ''].filter(Boolean).join(\" | \");\nreturn [[o.image.replace(/0-[^-]+-0-[^-]+/,'0-1000-0-1500'),d],/data-backdrop/.test($._)?[[...$._.matchAll(/data-backdrop(?:2x)?=\"([^\"]+)/g)].map(i=>/data-backdrop2x/.test(i[0])?\"#\"+i[1]:i[1]),d]:''].filter(Boolean)","img":"(a.ltrbxd.com/resized/(?:film-poster/(?:\\d/){5}|sm/upload).+-0-)[^-]+-0-[^-]+(-crop\\.jpg.*)","to":"$11000-0-1500$2","note":"Imagus_fan\nhttps://www.reddit.com/r/imagus/comments/10yldvb/comment/jn7zewy\n\nПРИМЕРЫ / EXAMLPLES\nhttps://letterboxd.com/search/films/BOX/\nhttps://letterboxd.com/director/james-gunn/\nhttps://letterboxd.com/dave/list/official-top-250-narrative-feature-films/"}}