{"O_Pixelup.net":{"useimg":1,"link":"pixelup\\.net/image\\.html\\?[^.]+.jpg","res":":\nreturn $._.match(/<input type=\"text\" value=\"(https?:\\/\\/pixelup\\.net\\/images\\/[^\"]+)/)[1].replace(\"/p.\",\"/r.\")","img":"(pixelup\\.net/images/[^/]+/[^/]+/[^/]+/[^/]+/)p(\\.[a-z]{3,4})","to":"$1r$2","note":"Imagus_fan\nhttps://www.reddit.com/r/imagus/comments/130svfu/comment/jn8v5j7\n\nEXAMPLES\nhttp://pixelup.net/image.html?ebec45549e92b43a91e3fe64df52f1f5.jpg\nhttp://pixelup.net/image.html?2ecfa331498181cd091a89df2bd701dc.jpg\nhttp://pixelup.net/image.html?ded27dd7bad61664d54258218140b82b.jpg"}}