{"O_Shorpy.com|Junipergallery.com":{"useimg":1,"link":"((?:shorpy|junipergallery)\\.com/node/\\d+)/?$","url":": /shorpy\\.com\\/node/.test($[0])?$[1]+'?size=_original':$[1]","res":":\nlet i,m,d;if(/shorpy/i.test($[0])){const h=new DOMParser().parseFromString($._,\"text/html\");i=h.images[0]?.src;if(!/files\\/images/.test(i))return '';m=[\"#\"+i,i.replace(/jpg$/,'preview.jpg')];d=[h.querySelector('title').textContent.replace(/[^:]+::\\s(.*)\\shigh-.*/,'$1'),h.getElementById('caption')?.textContent.replace(/(?:\\s+BUY PRINT)?\\s+([^|]+).*/,'$1')].join(\" | \");}else{i=($._.match(/src=\"(https:\\/\\/www\\.junipergallery\\.com\\/sites\\/[^\"]+)/)||[])[1];if(!i)return '';m=[\"#\"+i.replace(\"large\",\"jumbo\"),i];d=[$._.match(/<title>([^:<]+)/)[1],$._.match(/<\\/h1><\\/a>[^<]+<h2>([^<]+)/)[1]].join(\" | \");}return [[m,d]]","img":"(shorpy\\.com/files/images/[^.]+)\\.(?:thumbnail|preview)\\.jpg|(junipergallery\\.com/sites/default/files/styles/)[^/]+(/public/[^.]+\\.jpg).*|junipergallery\\.com/galleryview\\.php\\?targetnode=[^&]+&height=[^&]+&width=[^&]+&[^&]+&picurl=([^.]+\\.jpg)","to":":\nreturn $[1]?`#${$[1]}.jpg\\n${$[1]}.preview.jpg`:$[4]?`https://www.junipergallery\\.com/sites/default/files/styles/jumbo/public/${$[4]}`:`#${$[2]}jumbo${$[3]}\\n${$[2]}large${$[3]}`","note":"Imagus_fan\nhttps://www.reddit.com/r/imagus/comments/10d8ck0/comment/jn8047u\n\nEXAMPLES\nhttps://www.shorpy.com/image/tid/263\nhttps://www.shorpy.com/historical-photographs-of-children?page=2\nhttps://www.junipergallery.com/vintage_aviation_photos"}}