{"O_wsimg.com_CDN":{"link":"(wsimg.com/(?:isteam/)?ip/[^.]+\\.[^/]+)","img":"((?:[^.]+\\.)?wsimg.com/(?:isteam/)?ip/[^.]+\\.[^/]+)","to":"$1","note":"Imagus_fan\nhttps://www.reddit.com/r/imagus/comments/130svfu/comment/jn8v5j7\n\nEXAMPLES\nhttps://img1.wsimg.com/isteam/ip/e80fc980-5cb5-4f4e-a857-7401dc6328e1/E907213B-7465-4D9A-8015-64A2A74253B3.jpeg/:/rs=w:2390,h:1000,cg:true,m/cr=w:2390,h:1000\nhttps://isteam.wsimg.com/ip/04433131-cbb7-4d56-8eab-043900564722/12346a4a-1c54-48ed-8f0f-0f748e29a259.jpg/:/cr=t:0%25,l:0%25,w:100%25,h:100%25/rs=w:1023,cg:true\nhttps://img1.wsimg.com/isteam/ip/1bacf63b-3ff6-48cc-ac62-5897decdd7f0/SquareAboutIBB.png/:/cr=t:0%25,l:0%25,w:100%25,h:100%25/rs=w:223,h:223,cg:true,m\nhttps://img1.wsimg.com/isteam/ip/328480c0-c2b9-498f-b907-bef28b9c2a64/IMG_9575.1.jpg/:/rs=w:1080,h:1700,cg:true,m/cr=w:1080,h:1700,a:cc"}}