{"O_Sankaku_beta|Sankaku.app-x":{"link":"^(?:beta\\.sankakucomplex\\.com|sankaku\\.app)/(?:\\w{2}/)?post/show/(\\d+).*","loop":1,"url":"https://capi-v2.sankakucomplex.com/posts?lang=en&page=1&limit=1&tags=id_range:$1","res":":\nlet url;\n//if set to false, the largest possible media will be selected rather as opposed to web optimized media\nlet prefer_lowres=true;\nif(prefer_lowres){\n url = ($._.match(/sample_url\":\"?([^(,\")]+)/) || [])[1];\n}else{\n url = ($._.match(/file_url\":\"?([^(,\")]+)/) || [])[1];\n}\nif (url === \"null\") {\n  let postId = ($._.match(/\\d+/) || [])[0];\n  url = 'https://chan.sankakucomplex.com/post/show/'+postId;\n}\nreturn [url];","note":"throwawayS251\nhttps://www.reddit.com/r/imagus/comments/12q0r13/comment/jgy93aq\n\n!!!\nВ РФ нужен прокси.\n+\nОпция для переключения размера изображений / Option to switch image size:\nlet prefer_lowres=;\ntrue - web optimized, false - maximal\n\nПРИМЕРЫ / EXAMPLES\nhttps://sankaku.app/?tags=user%3AGrenex\nhttps://sankaku.app/ru?tags=order%3Apopularity%20breasts\n+\nhttps://beta.sankakucomplex.com/?tags=sex"}}