{"O_Sankaku-x":{"link":"^(?:idol|chan)\\.sankakucomplex\\.com/(?:\\w{2}/)?post/show/[a-zA-Z0-9]+","res":":\nlet meta = document.querySelector('head > meta[name=\"referrer\"]');\nif (!meta) {\n    meta = document.createElement('meta');\n    meta.name = 'referrer';\n    meta.content = 'same-origin';\n    document.getElementsByTagName('head')[0].appendChild(meta);\n} else if (meta.attributes.content.value !== 'same-origin') {\n    meta.attributes.content.value = 'same-origin';\n} \nlet url;\n//if set to false, the largest possible media will be selected rather as opposed to web optimized media\nlet prefer_lowres=true;\nif(prefer_lowres){\n url = ($._.match(/<a href=\"(\\/\\/[ic]?(?:s|v)\\.[^\"]+)\" id=\"?(?:lowres|highres)/) || [])[1];\n}else{\n url = ($._.match(/<a href=\"(\\/\\/[ic]?(?:s|v)\\.[^\"]+)\" id=\"?highres/) || [])[1];\n}\nreturn [url];","img":"^([ci])[s\\d]?(\\.sankakucomplex\\.com/data/)(?!avatars/)[^/]+/((?:[\\da-f]{2}/){2})(?:preview|sample-)?([\\da-f]{32}\\.).+","to":"#$1s$2$3$4#jpg png gif webm#\n$1s$2sample/$3sample-$4#jpg png gif webm#","note":"throwawayS251\nhttps://www.reddit.com/r/imagus/comments/12q0r13/comment/jgy93aq\nOLD\nhttp://forum.ru-board.com/topic.cgi?forum=5&topic=48222&start=3500#16\nhttp://forum.ru-board.com/topic.cgi?forum=5&topic=48222&start=2920#3\n\n!!!\nВ РФ нужен прокси.\n+\nОпция для переключения размера изображений / Option to switch image size:\nlet prefer_lowres=;\ntrue - web optimized, false - maximal\n\nПРИМЕРЫ / EXAMPLES\nhttps://chan.sankakucomplex.com/?tags=quartet&commit=Search\nhttps://chan.sankakucomplex.com/?tags=contentious_content&commit=Search\nhttps://chan.sankakucomplex.com/?tags=genshin_impact+order%3Apopular+extreme_content&commit=Search"}}