{"R_streamin.one|streamin.me":{"link":"streamin\\.(one|me)/v/.+","res":"og:video:secure_url' content='([^']+)'","to":"$1","note":"Baton34V\n(ПМ - 26-04-23)\n\n!!!\nЧасть источников расположенных на Disk.Yandex.ru не воспроизводится (красный индикатор).\n==\nPart of the sources located on Disk.Yandex.ru does not play (red indicator).\n\n\nПРИМЕРЫ / EXAMPLES\nhttps://www.reddit.com/domain/streamin.me/new/\nhttps://www.reddit.com/domain/streamin.one/new/"}}