{"O_DMM.co.jp-x":{"link":"dmm.co.jp/digital/videoa/-/detail/=/cid=.+","res":":\nvar str = $._\nconsole.log(str);\nvar str1 = /href=\"(.+?pl\\.jpg)\"/i;\nconsole.log(str1);\nvar found = str.match(str1);\nconsole.log(found[1]);\nvar i = $._.indexOf('id=\"sample-image-block\"');\nif(i<0) {return null; }\nvar t = $._.indexOf('画像はイメージです', i);\nif(t<0) {return null; }\nvar res = [];\nvar re = /href=\"([^\"]+)\"/gi\nvar data=$._.substring(i,t);\nvar a = re.exec(data);\nconsole.log(a);\nres.push([found[1]]);\nwhile(a)   {\n   res.push([a[1]]);\n   a = re.exec(data);\n}\nconsole.log(res);\nreturn res;","img":"(dmm\\.(co\\.jp|com)\\/.+)(ps|pt|-\\d+)\\.jpg","ci":2,"to":":\nif ($[3] == \"pt\" || $[3] == \"ps\") {\nconsole.log($[1] + \"pl.jpg\");\nreturn $[1] + \"pl.jpg\"\n} else {\nconsole.log($[1] + $[3] + \".jpg\");\nreturn $[1] + $[3] + \".jpg\"\n}\n","note":"loveqianool\nhttps://www.reddit.com/r/imagus/comments/116g0uo/comment/jcxris0\nOLD\nhttps://www.reddit.com/r/imagus/comments/xv9tah/comment/irl73ee\n\nEXAMPLES\nhttps://www.dmm.co.jp/top/\nhttps://www.dmm.co.jp/digital/videoa/-/detail/=/cid=prvr00995\nhttps://www.dmm.co.jp/digital/videoa/-/detail/=/cid=waaa00224\nhttps://www.dmm.co.jp/digital/videoa/-/detail/=/cid=57bdsr00439"}}