{"R_OLX":{"useimg":1,"link":"^(([^\\.]+\\.)?[^\\.]+\\.)?olx\\.\\w\\w\\/\\w?(\\/\\w+)?/(obyavlenie|oferta)\\/[^\\/]+\\.html(?:\\?.+)?","res":":\nlet jsonEnc=$._.match(/window.__PRERENDERED_STATE__= \"({.+})\";/)[1];\nlet json=JSON.parse(eval('\"'+jsonEnc+'\"'));\nlet res = [];\nfor (obj in json.ad.ad.photos) {\n  res.push([json.ad.ad.photos[obj]]);\n}\nreturn res;\n","img":"^(olx(?:ua|by)-ring\\d+\\.akamaized\\.net/images_[^/]+/\\d+_\\d+)_\\d+x\\d+_([^/]+\\.(jpe?g|png|gif))$","to":"$1_1000x700_$2","note":"Baton34V\nhttp://forum.ru-board.com/topic.cgi?forum=5&topic=50874&start=1800#5\nOLD\nhttp://forum.ru-board.com/topic.cgi?forum=5&topic=50874&start=1000#17\nhttp://forum.ru-board.com/topic.cgi?forum=5&topic=48222&start=2960#8\n\n!!!\nВ РФ нужен прокси. Курсор наводить на область чуть ниже названия товара (вся карточка товара).\n+\nHover the cursor over the area just below the product name (the entire product card).\n\nПРИМЕРЫ\nhttps://fanatik.olx.ua/\nhttps://www.olx.pl/oferty/?q=Enthoo\nhttps://www.olx.ua/list/?q=THX+AAA\nhttps://www.olx.ua/transport/pritsepy-doma-na-kolesah/kharkov/\nhttps://www.olx.ua/list/q-трубогиб/"}}