{"R_Printables.com":{"link":"printables\\.com/model/(\\d+)-[\\w-]+","res":":\nvar res=[];\nx = new XMLHttpRequest();\nx.open('POST', 'https://api.printables.com/graphql/',false);\nx.setRequestHeader('Content-Type', 'application/json');\nx.send('{\"operationName\":\"PrintProfile\",\"variables\":{\"id\":\"' + $[1] + '\"},\"query\":\"query PrintProfile($id: ID!) {\\\\n  print(id: $id) {\\\\n    ...PrintDetailFragment\\\\n    __typename\\\\n  }\\\\n}\\\\n\\\\nfragment PrintDetailFragment on PrintType {\\\\n  id\\\\n  slug\\\\n  name\\\\n  authorship\\\\n  eduProject {\\\\n    id\\\\n    subject {\\\\n      id\\\\n      name\\\\n      slug\\\\n      __typename\\\\n    }\\\\n    language {\\\\n      id\\\\n      name\\\\n      __typename\\\\n    }\\\\n    free\\\\n    timeDifficulty\\\\n    audienceAge\\\\n    complexity\\\\n    equipment {\\\\n      id\\\\n      name\\\\n      __typename\\\\n    }\\\\n    suitablePrinters {\\\\n      id\\\\n      name\\\\n      __typename\\\\n    }\\\\n    organisation\\\\n    authors\\\\n    targetGroupFocus\\\\n    knowledgeAndSkills\\\\n    objectives\\\\n    equipmentDescription\\\\n    timeSchedule\\\\n    workflow\\\\n    approved\\\\n    datePublishRequested\\\\n    __typename\\\\n  }\\\\n  user {\\\\n    ...AvatarUserFragment\\\\n    isFollowedByMe\\\\n    canBeFollowed\\\\n    email\\\\n    donationLinks {\\\\n      id\\\\n      title\\\\n      url\\\\n      __typename\\\\n    }\\\\n    printsCount\\\\n    __typename\\\\n  }\\\\n  ratingAvg\\\\n  myRating\\\\n  ratingCount\\\\n  description\\\\n  category {\\\\n    id\\\\n    path {\\\\n      id\\\\n      name\\\\n      description\\\\n      __typename\\\\n    }\\\\n    __typename\\\\n  }\\\\n  modified\\\\n  firstPublish\\\\n  datePublished\\\\n  dateCreatedThingiverse\\\\n  hasModel\\\\n  nsfw\\\\n  summary\\\\n  shareCount\\\\n  likesCount\\\\n  makesCount\\\\n  liked\\\\n  printDuration\\\\n  numPieces\\\\n  weight\\\\n  nozzleDiameters\\\\n  usedMaterial\\\\n  layerHeights\\\\n  materials {\\\\n    id\\\\n    name\\\\n    __typename\\\\n  }\\\\n  dateFeatured\\\\n  downloadCount\\\\n  displayCount\\\\n  filesCount\\\\n  privateCollectionsCount\\\\n  publicCollectionsCount\\\\n  pdfFilePath\\\\n  commentCount\\\\n  userGcodeCount\\\\n  remixCount\\\\n  canBeRated\\\\n  printer {\\\\n    id\\\\n    name\\\\n    __typename\\\\n  }\\\\n  images {\\\\n    ...ImageSimpleFragment\\\\n    __typename\\\\n  }\\\\n  tags {\\\\n    name\\\\n    id\\\\n    __typename\\\\n  }\\\\n  thingiverseLink\\\\n  filesType\\\\n  foundInUserGcodes\\\\n  license {\\\\n    id\\\\n    disallowRemixing\\\\n    __typename\\\\n  }\\\\n  remixParents {\\\\n    ...remixParentDetail\\\\n    __typename\\\\n  }\\\\n  gcodes {\\\\n    id\\\\n    name\\\\n    filePath\\\\n    fileSize\\\\n    filePreviewPath\\\\n    __typename\\\\n  }\\\\n  stls {\\\\n    id\\\\n    name\\\\n    filePath\\\\n    fileSize\\\\n    filePreviewPath\\\\n    __typename\\\\n  }\\\\n  slas {\\\\n    id\\\\n    name\\\\n    filePath\\\\n    fileSize\\\\n    filePreviewPath\\\\n    __typename\\\\n  }\\\\n  ...LatestCompetitionResult\\\\n  competitions {\\\\n    id\\\\n    name\\\\n    slug\\\\n    description\\\\n    isOpen\\\\n    __typename\\\\n  }\\\\n  competitionResults {\\\\n    placement\\\\n    competition {\\\\n      id\\\\n      name\\\\n      slug\\\\n      printsCount\\\\n      openFrom\\\\n      openTo\\\\n      __typename\\\\n    }\\\\n    __typename\\\\n  }\\\\n  __typename\\\\n}\\\\n\\\\nfragment AvatarUserFragment on UserType {\\\\n  id\\\\n  publicUsername\\\\n  avatarFilePath\\\\n  slug\\\\n  handle\\\\n  company\\\\n  verified\\\\n  badgesProfileLevel {\\\\n    profileLevel\\\\n    __typename\\\\n  }\\\\n  __typename\\\\n}\\\\n\\\\nfragment ImageSimpleFragment on PrintImageType {\\\\n  id\\\\n  filePath\\\\n  rotation\\\\n  __typename\\\\n}\\\\n\\\\nfragment remixParentDetail on PrintRemixType {\\\\n  id\\\\n  parentPrintId\\\\n  parentPrintName\\\\n  parentPrintAuthor {\\\\n    id\\\\n    slug\\\\n    publicUsername\\\\n    company\\\\n    verified\\\\n    handle\\\\n    __typename\\\\n  }\\\\n  parentPrint {\\\\n    id\\\\n    name\\\\n    slug\\\\n    datePublished\\\\n    images {\\\\n      ...ImageSimpleFragment\\\\n      __typename\\\\n    }\\\\n    license {\\\\n      id\\\\n      name\\\\n      disallowRemixing\\\\n      __typename\\\\n    }\\\\n    eduProject {\\\\n      id\\\\n      __typename\\\\n    }\\\\n    __typename\\\\n  }\\\\n  url\\\\n  urlAuthor\\\\n  urlImage\\\\n  urlTitle\\\\n  __typename\\\\n}\\\\n\\\\nfragment LatestCompetitionResult on PrintType {\\\\n  latestCompetitionResult {\\\\n    placement\\\\n    competitionId\\\\n    __typename\\\\n  }\\\\n  __typename\\\\n}\"}');\nif (x.readyState != 4) return;\nif (x.status != 200) return;\nvar c = JSON.parse(x.responseText).data.print.images;\nc.forEach(function(obj) {\n  res.push(['https://media.printables.com/' + obj.filePath]);\n});\nreturn res;","note":"Baton34V\nhttp://forum.ru-board.com/topic.cgi?forum=5&topic=50874&start=1760#7\n\nПРИМЕРЫ / EXAMPLES\nhttps://www.printables.com/model?category=87\nhttps://www.printables.com/@adafruit"}}