{"R_SberMegaMarket.ru":{"link":"^sbermegamarket\\.ru/catalog/details/[\\w-]+-(\\d+)/","res":":\nvar i = $._.indexOf('<div class=\"scroller__content scroller_enlarged\">');\nif(i<0) {i = $._.indexOf('<div class=\"pdp-first-screen__gallery-wrapper\">');}\nif(i<0) {return null; }\nvar t = $._.indexOf('</div></div>', i);\nif(t<0) {return null; }\nvar res = [];\nvar re = /<img src=\"([^\"]+)\"/gi\nvar data=$._.substring(i,t);\nvar a = re.exec(data);\nwhile(a)   {\n   res.push([a[1]]);\n   a = re.exec(data);\n}\n// reviewPhoto\nx = new XMLHttpRequest();\nx.open('POST', 'https://sbermegamarket.ru/api/mobile/v1/catalogService/productCardReviewInfo/get',false);\nx.setRequestHeader('content-type', 'application/json');\nx.send('{\"goodsId\":\"' + $[1] +'\",\"auth\":{\"locationId\":\"50\",\"appPlatform\":\"WEB\",\"analyticsDeviceId\":\"\",\"os\":\"UNKNOWN_OS\"}}');\nif (x.readyState != 4) return res;\nif (x.status != 200) return res;\nvar c = JSON.parse(x.responseText).previewMediaGalleryItems;\nc.forEach(function(obj) {\n  res.push([obj.url]);\n});\n\nreturn res;","note":"Baton34V\nhttp://forum.ru-board.com/topic.cgi?forum=5&topic=50874&start=1760#15\nOLD\nhttp://forum.ru-board.com/topic.cgi?forum=5&topic=50874&start=1020#16\nhttp://forum.ru-board.com/topic.cgi?forum=5&topic=48222&start=3660#7\n\n!!!\nФильтр показывает не только галерею фото товара, но и фото от самих покупателей (несколько первых). В некоторых случаях требуется повторное наведение курсора на фото товара.\n\nПРИМЕРЫ:\nhttps://sbermegamarket.ru/catalog/chay/\nhttps://sbermegamarket.ru/catalog/divany/\nhttps://sbermegamarket.ru/catalog/kleenki-na-stol/#?related_search=клеенки+на+стол"}}