{"R_Gifbin.com":{"link":"^(gifbin\\.com/)(?:[ft]/|(reverse/))?(\\d+)$","url":"$1$2$3","res":":\nvar t,u=$._.match(/src=\"https?:\\/\\/(www\\.)?gifbin\\.com\\/bin\\/[^\"]+/g)\nif(!u)return 0\nt=$._.match(/=\"og:title\"\\s+content=\"([^\"]+)/);\nreturn [[u.slice(0,3).map(function(u){ return u.slice(5) }), t&&t[1]]]","img":"^(gifbin\\.com/bin/(?:\\d+/)?)tn_([^?]+\\.).*","to":"http://www.$1$2#webm mp4 gif#","note":"Randlai\nhttp://forum.ru-board.com/topic.cgi?forum=5&topic=50874&start=1433#1\n\nEXAMPLES\nhttps://gifbin.com/tag/kids/\nhttps://gifbin.com/tag/cartoons/"}}