{"R_ImageUpper.com":{"link":"^imageupper\\.com/[gi]+/\\?(galID=)?\\w+","res":":\nlet i = $._.indexOf('<TD CLASS=\"base\">');\nif(i<0) { return null; }\nlet t = $._.indexOf('</TABLE>', i);\nif(t<0) { return null; }\nlet res = [];\nlet re = /<IMG[^/]+SRC=\"([^\"]+)\"/gi\nlet data=$._.substring(i,t);\nlet a = re.exec(data);\nwhile(a)   {\n   res.push([a[1].replace('_t','')]);\n   a = re.exec(data);\n}\nreturn res;\n","img":"^(s\\d\\d\\.imageupper\\.com/\\d)_t(/\\d/\\w+\\.jpg)","to":"$1$2","note":"Baton34V\nhttp://forum.ru-board.com/topic.cgi?forum=5&topic=50874&start=1380#14\n\n!!!\nНа хромоклонах для показа картинок с данного хоcтинга на сайтах с HTTPS необходимо разрешить на этих сайтах \"небезопасный контент\" / On Chromium-browsers, in order to display images from this hosting on sites with HTTPS, it is necessary to allow \"unsafe content\" on these sites:\nhttp://imgur.com/uRtzj8H\nhttps://postimg.cc/0MLMsgMg\n\nEXAMPLES\nhttps://www.reddit.com/domain/imageupper.com/new\nhttp://imageupper.com/g/?galID=A110001003F15053306051634043&n=1\nhttp://imageupper.com/g/?galID=S020001001B14502347341793454&n=1\n+\nhttp://imageupper.com/gi/?galID=S0200010011B14502347341793454&n=1&m=19\nhttp://imageupper.com/gi/?galID=A1100010031F15053306051634043&n=19&m=50"}}