{"R_prnt.sc":{"link":"^prnt(?:\\.sc|scr\\.com)\\/[\\w-]+(\\/|\\..*)?$","res":":\nlet meta = document.querySelector('head > meta[name=\"referrer\"]');\nif (!meta) {\n    meta = document.createElement('meta');\n    meta.name = 'referrer';\n    meta.content = 'same-origin';\n    document.getElementsByTagName('head')[0].appendChild(meta);\n} else if (meta.attributes.content.value !== 'same-origin') {\n    meta.attributes.content.value = 'same-origin';\n}\nlet url = ($._.match(/=\"og:image\" content=\"([^\"]+)/)|| [])[1];\nreturn [url];","img":"^img\\.prntscr\\.com/img\\?url=([^&]+).*","to":"$1","note":"by Baton34V\nhttp://forum.ru-board.com/topic.cgi?forum=5&topic=50874&start=400#8\nOLD:\nhttp://forum.ru-board.com/topic.cgi?forum=5&topic=48222&start=3760#8\nhttp://forum.ru-board.com/topic.cgi?forum=5&topic=48222&start=1060#7\n\n\n!!!\nВ РФ может понадобиться прокси / In some countries a proxy is needed.\n\n\nПРИМЕРЫ / EXAMPLES:\nhttps://www.reddit.com/domain/prnt.sc/\nhttp://forum.ru-board.com/topic.cgi?forum=5&topic=50301&start=440#4\nhttp://forum.ru-board.com/topic.cgi?forum=5&topic=50209&start=1080#6"}}