{"[R_WordPress]":{"img":"^(?:(?![^/]*userapi\\.com))^([^/]{4,70}(?:/[^/?#]+){1,10})(?:(/)(?:(gallery/(?:[^/]+/)*?)thumbs/thumbs_|((?:upload|image(?:s_blog)?|file)s/)(?:(?:thumbnails_\\d+x\\d+/thumb_([^.]+?)(?:-\\d+x\\d+)?|([^?]+)-\\d{2,}x\\d{2,})(\\.[a-z]{3,4})))|(.{5})/?\\?(?:[^&]*&)*?(?:quality=[\\d.]+|fit=[\\d%C]+|(?:w(?:idth)?|h(?:eight)?|resize)=\\d+(?:(?:%2C|,)\\d+)?)(?:&.*|$))","ci":2,"loop":2,"to":":\nif(/\\.php$/.test($[8]))return !1\nif(/[&?]s=[\\da-f]{32}/.test($[0]))return $[0]\nvar m=$[0].match(/[&?](?:url|src)=([^&]+)/)\nif(m)return decodeURIComponent(m[1])\nvar x=$[8]&&$[8].match(/^(.*\\.)(jpe?g|gif|png)$/i)\nreturn $[1] + ($[2] || '') + ($[3] || '') + ($[4] || '') + ($[5] || '') + ($[6] ? $[6] + $[7] : '') + (x && x[2] ? x[1] + (x[2]!='j' ? x[2] : '#jpg jpeg png gif#') : $[8]||'')","note":"64h\nhttp://forum.ru-board.com/topic.cgi?forum=5&topic=50874&start=1571#1"}}