{"O_Ancensored.com":{"link":"^(ancensored\\.com/)clip/[^/]+/[^/]+/([\\da-f]+).*","url":"//$1clip/-/-/$2","res":"<source type=\"video/mp4\"\\s+src=\"([^\"]+)\n=\"description\" content=([^\"]+)","img":"^(ancensored\\.com/)files/new_video/preview_sprite/\\d+/sprite-([^.]+).*","note":"snmahtaeD\nhttps://www.reddit.com/r/imagus/comments/ecqqkd/comment/feyd0cn/\n\nEXAMPLES\nhttp://ancensored.com/video\nhttp://ancensored.com/updates/content\nhttp://ancensored.com/nude-appearance/voice-from-the-stone/Emilia-Clarke/"}}