{"O_ArtStation.com":{"link":"^(artstation\\.com/)artwork(/[^/]+).*","url":"$1projects$2.json","res":":\n$=JSON.parse($._)\nif (!$.user) return null;\n$.s = $.software_items.map(function(i) {return i.name}).join(', ')\n$.c = [$.title, $.description.replace(/^<p>(.*)<\\/p>$/, '$1')].filter(function(x) {return !!x.trim()}).join(' - ') + ' by ' + $.user.username;\nreturn $.assets.map(function(x, i){\n var u=[x.image_url], k=u[0].replace('/large/', '/4k/')\n if(k!=u[0])u.unshift(k)\n return [u, [(i ? '' : '[' + $.c + ($.s ? ' in ' + $.s : '') + ']'), (x.title||x.title_formatted||'')].join(' ')]\n})","note":"snmahtaeD\nhttps://www.reddit.com/r/imagus/comments/gsaurz/comment/fsfm8un"}}