{"O_arazu.io":{"link":"arazu\\.io\\/([a-zA-Z0-9_]+)\\/","url":": \"api.arazu.io/?id=\" + $[1]","res":":\nconst debug = false;\n\nconst api_response = JSON.parse($._);\nif(debug) console.log(api_response);\n\nconst videolink = \"https://r2.cdn.arazu.io/\" + api_response.id + \".mp4\"\nconst toptext = api_response.title + \" | \" + \"Score: \" + api_response.score\n\nconst returnval = [videolink, toptext];\nif(debug) console.log(\"return value: \", returnval);\n\nreturn returnval;","img":"(r2\\.cdn\\.arazu\\.io\\/[^.]+)\\.webp","to":":\nreturn $[1] + \".mp4\"","note":"iceiller9999\nhttps://www.reddit.com/r/imagus/comments/zj5yo3/comment/izvkc7g\n\nEXAMPLES\nhttps://arazu.io/\nhttps://www.reddit.com/r/imagus/comments/zj5yo3/sieve_for_arazuio_videos"}}