{"O_Derpibooru|Furbooru|Trixiebooru":{"link":"^(derpiboo(?:ru\\.org|\\.ru)|(?:trixiebooru|furbooru)\\.org)/(?:images/)?(\\d+)[^.]*","url":"https://$1/api/v1/json/images/$2","res":":\n$ = JSON.parse($._).image\nvar r = $.representations\nreturn [[\n $.format=='gif' ? ['#'+r.webm, '#'+r.mp4, r.full] : $.width<1200 && $.height<1200 ? [r.full] : ['#' + r.full, r.large],\n ['['+$.created_at+']', $.name, $.description, $.tags, $.source_url].filter(Boolean).join(' | ')\n]]","img":"^((?:derpicdn\\.net|furrycdn\\.org)/img/)(?:view/)?(20\\d\\d/1?\\d/[123]?\\d/\\d+)[^?]*\\.([^?]+)","to":":\nreturn $[1]+'view/'+$[2]+'.'+($[3]=='gif'?'#webm mp4 gif#':$[3])","note":"snmahtaeD\nhttps://www.reddit.com/r/imagus/comments/huqzdn/comment/fzavtn4\n\n!!!\nВ некоторых странах (например, в РФ) может понадобиться прокси.\n==\nIn some coutries may need proxy.\n\nEXAMPLES\nhttps://furbooru.org/tags/female\nhttps://derpibooru.org/images?page=5\nhttps://trixiebooru.org/galleries?page=10&gallery="}}