{"O_Dribbble":{"link":"^dribbble\\.com/shots/\\d+","res":"=\"og:(?:video|image)\" content=\"([^\"]+)\n=\"og:description\" content=\"([^\"]+)\n","img":"^(cdn\\.dribbble\\.com/users/\\d+/screenshots/\\d+/[^?]+)_[^.]+","to":"$1","note":"snmahtaeD\nhttps://www.reddit.com/r/imagus/comments/c1vjns/comment/ers70h4\nOLD\nhttp://forum.ru-board.com/topic.cgi?forum=5&topic=48222&start=3200#13\n\n\n\n!!!\nДля просмотра в некоторых режимах необходимо зайти в аккаунт\n==\nTo view in some modes, you need to log in to your account\n\n\nEXAMPLES\nhttps://dribbble.com/search/green\nhttps://dribbble.com/shots/popular/animation"}}