{"O_dumpert.nl":{"link":"^(dumpert\\.nl/)(?:mediabase|item)(/\\d+)[/_]([\\da-f]+)/?","url":"https://api-live.$1mobile_api/json/info$2_$3","res":":\nvar r=JSON.parse($._), x = r&&r.items&&r.items[0]\nreturn x.media.map(function(m,i){\n  var v = {};\n  m.variants.forEach(function(m){return v[m.version]=m.uri})\n  return [v['720p'] || v.tablet || v.mobile || v.photo, !i && [x.date, x.title, x.description].filter(Boolean).join(' | ')]\n})","img":"^media\\.(dumpert\\.nl/)(?:sq_thumb|still)s/medium(/\\d+)_([\\da-f]+).+","note":"snmahtaeD\nhttps://www.reddit.com/r/imagus/comments/dntaa7/comment/fexkxw6\n\nEXAMPLES\nhttps://www.dumpert.nl/zoek/ANIMALS\nhttps://www.dumpert.nl/zoek/CHILD\nhttps://www.dumpert.nl/toppers\nhttps://www.dumpert.nl/latest"}}