{"O_FINN.no":{"useimg":1,"link":"^(finn\\.no/)(?:[\\w/]+\\.html\\?finnkode=)?(\\d+)","url":"//apps.$1api/ad/$2","res":":\nvar r=JSON.parse($._), x={}\nr.cells.forEach(function(c) { x[c.name] = c.content[0].data })\nreturn x.gallery && x.gallery.map(function(c, i) {\n var t=[c.description]\n !i&&t.push(x.price[0][0].value, x.title.value, x.description.value)\n var regex = c.url.replace(/apps\\.finn\\.no\\/api\\/[^/]+/,\"images.finncdn.no/dynamic/1600w\");\n return [regex, t.filter(Boolean).join(' | ')]\n})","img":"^(images\\.finncdn\\.no/+dynamic/)[^/]+","to":"$11600w","note":"Mr__Democracy\nhttps://www.reddit.com/r/imagus/comments/e2i020/comment/ff550lr\n\nEXAMPLES\nhttps://www.finn.no/kolleksjon?id=1122\nhttps://www.finn.no/realestate/businessplots/search.html?sort=PUBLISHED_DESC\nhttps://www.finn.no/bap/forsale/search.html?q=%22Det+Susende+Fjell%22&sort=RELEVANCE\nhttps://www.finn.no/reise/feriehus-hytteutleie/norge/hvaler/"}}