{"O_Paixin.com":{"useimg":1,"link":"^v(\\.paixin.com/)photocopyright(/\\d+).*","url":"//api2$1medias/1$2","res":"\"image\":\"([^\"]+)\n\"title\":\"([^\"]+)\",\"description\":\"([^\"]+)","img":"^((?:(?:q-extra|gaga-ppt)\\.paixin\\.com|images\\.gaga\\.me|d\\d+\\.paixin\\.com/thumbs)/[^?]+).*","to":"$1","note":"snmahtaeD\nhttps://www.reddit.com/r/imagus/comments/h7nnjx/comment/fumyqkz\n\n!!!\nКурсор иногда нужно наводить несколько раз. Также желательно запретить скрипты на данном сайте (с помощью сторонних расширений - например, uMatrix).\n==\nThe cursor needs to be pointed several times. It is also advisable to prohibit scripts on this site (using third-party extensions - for example, uMatrix).\n\nEXAMPLES\nhttps://www.paixin.com/albums/pic/detail/943/1\nhttps://www.paixin.com/media/photo/standard/%E7%A7%8B%E5%AD%A3%E8%83%8C%E6%99%AF/1"}}