{"O_Willhaben.at":{"link":"^willhaben\\.at\\/iad\\/(.*\\/d|realestate)\\/.*","res":":\nlet results = [];\nif ($[1] === \"gebrauchtwagen/d\" | $[1] === \"immobilien/d\" ) {\n  const regEx = /\"description\":(?:\"([^\"]*)\"|null)[^}]*referenceImageUrl\":\"([^\"]*)/g;\n  const matches = [...$._.matchAll(regEx)];\n  if (matches.length) {\n    const backupCaption = matches[0][1];\n    results = matches.map(match => [match[2], match[1] || backupCaption]);\n  }\n} else {\n  const regEx = /\"image\":\"([^\"]*)\"[^}]*description\":\"([^\"]*)/g;\n  const matches = [...$._.matchAll(regEx)];\n  if (matches.length) {\n    results = matches.map(match => [match[1], match[2]]);\n  } else {\n    const parser = new DOMParser();\n    const html = parser.parseFromString($._, \"text/html\");\n    const img = html.getElementsByClassName(\"sg-image\")[0];\n    results = [img.getAttribute(\"src\"), img.getAttribute(\"alt\")];\n  }\n}\nreturn results;","note":"imocan\nhttps://www.reddit.com/r/imagus/comments/jrqtxt/update_sieve_for_willhabenat\n\nEXAMPLES:\nhttps://www.willhaben.at/iad/kaufen-und-verkaufen/l/pullex\nhttps://www.willhaben.at/iad/kaufen-und-verkaufen/marktplatz/damen-jacken-maentel/winterjacken-3328/a/zustand-neu-22?PRICE_FROM=20&treeAttributes=23&treeAttributes=2546\nhttps://www.willhaben.at/iad/kaufen-und-verkaufen/marktplatz?keyword=ikea&topicId=1001"}}