{"R_Bunkr.ru_video":{"link":"(?:cdn(\\d*)|stream)?\\.?bunkr\\.ru/(?:\\w/)?(.+?\\.(?:mp4|wmv|mkv|m4v|mov|ts))","ci":1,"res":":\nconst re1 = /(?:mediafiles|videoId)\":\"([^\"]+)/g;\nconst m1 = [...$._.matchAll(re1)].map(m1 => m1[1]);\nif (m1.length == 2) return `${m1[0]}/${m1[1]}`;\nreturn `//media-files${$[1] || ''}.bunkr.ru/${$[2]}`;","note":"gpl2731\nhttp://forum.ru-board.com/topic.cgi?forum=5&topic=50874&start=1160#4\nOLD\nhttp://forum.ru-board.com/topic.cgi?forum=5&topic=50874&start=140#15\n\nПРИМЕРЫ / EXAMPLES:\nhttp://forum.ru-board.com/topic.cgi?forum=5&topic=50874&start=1140#9"}}