{"R_Instagram_priv_api":{"link":"^instagr(?:am\\.com|\\.am)/(?:p|reel)/([\\w-]+).*","url":"data:,$1","res":":\nconst alphabet = 'ABCDEFGHIJKLMNOPQRSTUVWXYZabcdefghijklmnopqrstuvwxyz0123456789-_'\nconst media_pk = [...$[1]].reduce((a, v, i) => a + BigInt(alphabet.length ** ($[1].length - i - 1) * alphabet.indexOf(v)), 0n)\nconst x = new XMLHttpRequest()\nx.open('GET', `https://i.instagram.com/api/v1/media/${media_pk}/info/`, false)\nx.setRequestHeader('X-IG-App-ID', '936619743392459')\nif (!/firefox/i.test(navigator.userAgent)) {\n  x.withCredentials = true\n}\nx.send()\nif (x.status !== 200) {\n  return [ 'data:image/svg+xml,' + encodeURIComponent(`\n    <svg xmlns=\"http://www.w3.org/2000/svg\" height=\"120\" width=\"360\" style=\"background-color: #2a2a2a;\">\n      <foreignObject height=\"100%\" width=\"100%\">\n        <div xmlns=\"http://www.w3.org/1999/xhtml\" style=\"display: table; height: 100%; width: 100%;\">\n          <span style=\"color: tomato; display: table-cell; font: 18px sans-serif; vertical-align: middle; text-align: center; white-space: pre-wrap;\">\n            Something went wrong\\nHTTP status ${x.status}: ${x.statusText}\n          </span>\n        </div>\n      </foreignObject>\n    </svg>`.replace(/\\n\\s+/g, '')), ' ' ]\n}\nconst item = JSON.parse(x.responseText).items[0]\nconst capt = [\n  `@${item.user.username}${item.user.full_name ? ` (${item.user.full_name})` : ''}`,\n  new Date(item.taken_at * 1000).toLocaleString(navigator.language, { dateStyle: 'medium', timeStyle: 'medium' }),\n  item.caption?.text\n].filter(Boolean).join(' | ')\nconst res = (i) => [ i.video_versions?.[0].url || i.image_versions2.candidates[0].url, capt ]\nreturn item.carousel_media?.map((e) => res(e)) || res(item)","note":"64h\nhttp://forum.ru-board.com/topic.cgi?forum=5&topic=50874&start=1520#20\nOLD\nhttps://forum.ru-board.com/topic.cgi?forum=5&topic=50874&start=960#10\nhttps://www.reddit.com/r/imagus/comments/v1xqr3/comment/iaxfu6w\nhttps://www.reddit.com/r/imagus/comments/sc9kr0/comment/hu583vk\nhttps://www.reddit.com/r/imagus/comments/q2xxqj/comment/hg44cqe\n\n!!!\nДля показа внешних ссылок и фреймов необходимо правило для SMH (см.ЧаВо, п.12).\n+\nНа домашней странице в \"ленте\" фильтр также работает - для этого следует навести курсор на количество лайков, либо на дату. \n+\nВ случае ошибки - фильтр выдает сообщение с кодом ошибки.\n+\nАльтернативный просмотр Инстаграм: IMGINN.COM.\n+\nЕсли с данным фильтром возникнут проблемы, можно его отключить и включить один из альтернативных фильтров (R_Instagram_pub_api_a1 / O_Instagram_pub_api_gql).\n==\nTo display external links and frames, you need a rule for SMH (see FAQ, p.12).\n+\nOn the home page in the \"feed\" the rule works if you hover over the number of likes or the date.\n+\nIn case of an error, the filter issues a message with an error code.\n+\nAlternative viewer: IMGINN.COM.\n+\nIf there are problems with this rule, you can disable it and enable one of the alternative rules (R_Instagram_pub_api_a1 / O_Instagram_pub_api_gql).\n\nПРИМЕРЫ / EXAMPLES (внешние ссылки / external links):\nhttp://forum.ru-board.com/topic.cgi?forum=5&topic=50874&start=200#19"}}