{"O_123rf.com":{"useimg":1,"link":"^123rf\\.com/photo_\\d+","res":"\"fileFormat\":\"image/[^\"]+\",\"url\":\"([^\"]+)\"\n<title>([^<]+)","img":"^us(\\.123rf\\.com/)450wm(/.*)","to":"previews$1images$2","note":"Imagus_fan\nhttps://www.reddit.com/r/imagus/comments/130svfu/comment/jns5il6\nOLD\nhttps://www.reddit.com/r/imagus/comments/co5d0k/comment/ewj7k9s\n\nEXAMPLES\nhttps://www.123rf.com/clipart-vector/music.html?imgtype=1&oriSearch=music\nhttps://www.123rf.com/clipart-vector/green_apple.html?imgtype=1"}}