{"O_1x.com":{"useimg":1,"link":"^1x\\.com/photo/(\\d+)","res":"photos-feed-image-[^\"]+\" src=\"([^\"]+)\n<title>([^<]+)\n","img":"^([^.]+\\.1x\\.com/images/user/[\\da-f]{32}-)(?:s[dq]|ld)(?=\\.)","to":"#$1#hd2 hd4 sd2 sd4#\n$1sd","note":"Imagus_fan\nhttps://www.reddit.com/r/imagus/comments/130svfu/comment/jns5il6\n\n!!!\nДля Thumbs mode\n==\nFor Thumbs mode\n\nEXAMPLES\nhttps://1x.com/gallery\nhttps://1x.com/gallery/latest/published\nhttps://1x.com/photo/51960/category/humour/latest-additions/wheels-and-heels"}}