{"O_Casimages.com":{"link":"^casimages\\.com/(?:i/[^.]+\\.jpg\\.html|f/([A-Za-z0-9]+))","res":":\nreturn $[1] ? \"https://www.casimages.com/f_get.php?f=\"+$[1]+\"#mp4\" : ($._.match(/<a href=\"([^\"]+)\"><img border/)||[])[1]??''","img":"(nsm(?:\\d+)\\.casimages\\.com/img/\\d{4}/\\d{2}/\\d{2}//)mini_(\\d+\\.(?:jpe?g|a?png|gif))","to":"$1$2","note":"Imagus_fan\nhttps://www.reddit.com/r/imagus/comments/130svfu/comment/jnit0kk\n\nEXAMPLES\nhttp://forum.ru-board.com/topic.cgi?forum=5&topic=50874&start=40#15"}}