{"O_KnowYourMeme.com":{"useimg":1,"link":"^knowyourmeme\\.com/(?:photos/\\d+(?:-[\\w-]+)?|memes/[\\w-]+)","res":"<meta property='og:image' content='([^']+)\n<meta property='og:title' content='([^']+)","img":"^(i(?:\\d+)?\\.kym-cdn\\.com/(?:entries/icon|photos/image)s/)(?!original)[^/]+(/.*)","to":"$1original$2","note":"Imagus_fan\nhttps://www.reddit.com/r/imagus/comments/130svfu/comment/jns5il6\n\n!!!\nВ РФ нужен прокси.\n\nEXAMPLES\nhttps://knowyourmeme.com/photos/trending/page/5\nhttps://knowyourmeme.com/photos/2483207-are-we-the-baddies"}}