{"O_Streamff.com":{"link":"^streamff\\.com/v/(.+)","url":"https://streamff.com/api/videos/$1","res":":\nif($._[0]==='{'){\nconst m = JSON.parse($._);\nreturn m.externalLink?m.externalLink+'#mp4':'';\n} else {\nreturn '';\n}","to":"\n\n","note":"Imagus_fan\nhttps://www.reddit.com/r/imagus/comments/130svfu/comment/jns5il6\nOLD\nhttp://forum.ru-board.com/topic.cgi?forum=5&topic=50874&start=120#3\nhttps://www.reddit.com/r/imagus/comments/qc2vsq/comment/hhkwzyk\n\n\nEXAMPLES\nhttps://www.reddit.com/domain/streamff.com/"}}