{"O_Willhaben.at":{"link":"^willhaben\\.at/iad/[^/]+/d/.+","res":":\nconst json = JSON.parse($._.match(/\"application\\/json\">([^<]+)/)[1]).props.pageProps.advertDetails;\nconst desc = json.attributes.attribute[0]?.values[0] ?? '';\nreturn json.advertImageList.advertImage.map(i=>[i.referenceImageUrl, desc]);\n","img":"^(cache\\.willhaben\\.at/[\\w/-]+)_hoved(\\.\\w+)","to":"$1$2","note":"Imagus_fan\nhttps://www.reddit.com/r/imagus/comments/130svfu/comment/jnit0kk\nOLD\nhttps://www.reddit.com/r/imagus/comments/jrqtxt/update_sieve_for_willhabenat\n\n!!!\nВ РФ нужен прокси.\n\nEXAMPLES\nhttps://www.willhaben.at/iad/kaufen-und-verkaufen/l/pullex\nhttps://www.willhaben.at/iad/kaufen-und-verkaufen/marktplatz/damen-jacken-maentel/winterjacken-3328/a/zustand-neu-22?PRICE_FROM=20&treeAttributes=23&treeAttributes=2546\nhttps://www.willhaben.at/iad/kaufen-und-verkaufen/marktplatz?keyword=ikea&topicId=1001"}}