{"O_Wired.com":{"useimg":1,"link":"^wired\\.com/[^/]+/.+","img":"^(media\\.wired\\.com/photos/\\w+/)[\\d:]+/w_\\d+(,c_limit/.+\\.\\w+)","to":":\nif($[1])return $[1]+$[2];\nconst m = 'https://media.wired';\nlet t = this.node;\nt = RegExp(`^${m}`).test(t.src) ? t.src : t.querySelector(`img[src^=\"${m}\"]`)?.src||'';\nreturn t.replace(/\\/(?:\\d{1,2}:\\d{1,2}|w_\\d+[^/]+)/g,'')","note":"Imagus_fan\nhttps://www.reddit.com/r/imagus/comments/130svfu/comment/jo3ahc3\n\nEXAMPLES\nhttps://www.wired.com/category/culture/\nhttps://www.wired.com/tag/video-games/"}}