{"R_ImageBan.ru|ibn.im":{"link":"(^imageban\\.ru/show/\\d{4}/|ibn\\.im\\/\\w{7})","res":"src=\"(https?://i\\d+\\.imageban\\.ru/out/[^\"]+)","img":"^(i\\d+\\.imageban\\.ru)/thumbs/(\\d{4})\\.(\\d\\d)\\.(\\d\\d)/","to":"$1/out/$2/$3/$4/","note":"Baton34V\nhttp://forum.ru-board.com/topic.cgi?forum=5&topic=50874&start=1640#17\nOLD\nhttp://forum.ru-board.com/topic.cgi?forum=5&topic=48222&start=1720#21\nhttp://forum.ru-board.com/topic.cgi?forum=5&topic=48222&start=2320#14\n\nПРИМЕРЫ\nhttps://rutracker.org/forum/viewtopic.php?t=3762986\nhttp://forum.ru-board.com/topic.cgi?forum=5&topic=50874&start=1640#12\nhttp://forum.ru-board.com/topic.cgi?forum=5&topic=50874&start=1640#13"}}