{"R_NIX.ru":{"useimg":1,"link":"^(\\w+\\.)?nix\\.ru/autocatalog/[\\w-]+/[\\w-]+\\.html$","res":":\nlet i = $._.indexOf('<span id=\"gallery-images\"');\nif(i<0) { return null; }\nlet t = $._.indexOf('<div id=\"goods_info\">', i);\nif(t<0) { return null; }\nlet res = [];\nlet re = /<span data-href=\"([^\"]+)\"/gi\nlet data=$._.substring(i,t);\nlet a = re.exec(data);\nwhile(a) {\n  res.push([a[1]]);\n   a = re.exec(data);\n}\nreturn res;","img":"^((?:\\w+\\.)?nix\\.[^/]+/autocatalog/(?:\\w+/)+(?:\\d+)_(?:\\d+)_draft)_(small|micro|large)(\\.jpg)$","to":"#$1$3\n$1_large$3","note":"Baton34V\nhttp://forum.ru-board.com/topic.cgi?forum=5&topic=50874&start=1620#18\nOLD\nhttp://forum.ru-board.com/topic.cgi?forum=5&topic=50874&start=400#4\n\nПРИМЕРЫ\nhttps://www.nix.ru/price/price_list.html?section=computers_nix_all#c_id=276&fn=276&g_id=854\nhttps://astrahan.nix.ru/price/price_list.html?section=computers_nix_all#c_id=276&fn=276&g_id=854\nhttps://barnaul.nix.ru/price/price_list.html?section=computers_nix_all#c_id=276&fn=276&g_id=854"}}