{"O_Kick.com_VoD":{"link":"^(?:kick\\.com/video/)([a-zA-Z0-9-]+).*","loop":1,"url":"https://kick.com/api/v1/video/$1","res":":\n// Valid options are:\n// 1080p60, 720p60, 480p30, 360p30, 160p30. It could vary by streamer.\nquality=\"1080p60\"\nkick_json=JSON.parse($._)\nsource_playlist = kick_json.source\nquality_playlist = quality + \"/playlist.m3u8\"\nvod_playlist = source_playlist.replace(\"master.m3u8\", quality_playlist)\nthis.TRG.IMGS_ext_data = [\n  '//' + 'data:image/svg+xml,<svg xmlns=\"http://www.w3.org/2000/svg\" width=\"640\" height=\"360\"></svg>',\n  `<imagus-extension type=\"videojs\" url=\"${vod_playlist}\"></imagus-extension>`\n]\nreturn 'imagus://extension'","note":"th3virus\nhttps://www.reddit.com/r/imagus/comments/11ldeys/sieve_for_kickcom_clips\n\n!!!\nРаботает только в Firefox.\n==\nWorks only in Firefox.\n\n\nПРИМЕРЫ / EXAMPLES\nhttps://www.reddit.com/r/imagus/comments/11ldeys/comment/jbem8lb"}}