{"R_AliExpress":{"link":"(?:\\w\\w|www)?\\.?aliexpress\\.(com|ru)/item/(?:[\\w-]*?/)?(\\d+)\\.html.*","url":"aliexpress.$1/item/$2.html","res":":\nconst r = [];\nconst oldStyle=$._.match('data: ({.+})\\s*};');\nif (oldStyle) {\n  const jsn=JSON.parse(oldStyle[1]);\n  for (const url of jsn.imageModule.imagePathList) {\n    r.push([url, '']);\n  }\n}\ntry {\n    const page = (new window.DOMParser()).parseFromString($._,'text/html');\n    let imgs = Array.from(page.querySelectorAll('div[class^=\"gallery_Gallery__picture\"] > picture > img, div[class^=\"gallery_Gallery__video\"] > video'));\n    if (imgs.length<1) {\n      imgs = Array.from(page.querySelectorAll('div[class^=\"Product_GalleryBarItem\"] > img, div[class^=\"ProductDescription-module_wrapper\"] img'));\n    }\n    for (const i of imgs) {\n        // filter out images inside links\n        if (i.parentElement.nodeName === 'A') continue;\n        let url = i.attributes.src.value.replace(/_\\d+x\\d+\\.(jpe?g|png)$/, '');\n        url = url.replace('`','');\n        r.push([url, '']);\n    }\n    const id = $[2];\n    const x = new XMLHttpRequest;\n    x.open('POST', 'https://aliexpress.ru/aer-jsonapi/review/v1/desktop/product/reviews?product_id=' + id +'&_bx-v=2.2.3', false);\n    x.send('{\"productId\":\"' + id + '\",\"pageSize\":20,\"pageNum\":1,\"reviewFilters\":[\"ReviewFilter_WITH_PHOTO\"],\"starFilter\":\"StarFilter_ALL_STARS\",\"sort\":\"ReviewSort_USEFUL\"}');\n    JSON.parse(x.responseText).data.reviews.forEach(f=>{\n      if (f.additionalReview && f.additionalReview.images && f.additionalReview.images.length) {\n        f.text += ' | &#128172; ' + f.additionalReview.text;\n        f.images = f.images.concat(f.additionalReview.images);\n      }\n      f.images.forEach(p => r.push([p.url, f.grade + '&#11088; | ' + f.text]))\n    });\n\n} catch (e) {}\n\nreturn r;","img":"(.*\\.alicdn\\.com/.+)_\\d+x\\d+\\.(jpe?g|png)","to":"$1","note":"hababr + Baton34V (fix)\nhttp://forum.ru-board.com/topic.cgi?forum=5&topic=50874&start=1700#4\nOLD\nhttp://forum.ru-board.com/topic.cgi?forum=5&topic=50874&start=1460#5\nhttp://forum.ru-board.com/topic.cgi?forum=5&topic=50874&start=1220#21\nhttp://forum.ru-board.com/topic.cgi?forum=5&topic=48222&start=3600#20\nhttp://forum.ru-board.com/topic.cgi?forum=5&topic=48222&start=3280#9\n\n!!!\nКурсор нужно наводить на название товара. Данный фильтр показывает не только фото товара, но и фотографии в отзывах покупателей с текстами их отзывов.\n==\nThe cursor is recommended to hover over the product name. The sieve shows not only photos of the product, but also photos in customer reviews with the texts of their reviews.\n\nПРИМЕРЫ\nhttps://aliexpress.ru/popular/shockproof-armor-case.html\nhttps://aliexpress.ru/category/202000005/home-appliances.html?spm=a2g2w.home.category.3.75df5931pbFi9W\nhttps://aliexpress.com/w/wholesale-Shockproof-Armor-Case.html\nhttps://www.aliexpress.com/w/wholesale-TV.html?SearchText=TV&catId=200002397"}}