{"R_focalprice.com":{"link":"focalprice\\.com/\\S+\\.html","res":":\nvar i = $._.indexOf('<ul id=\"thumbs_list_frame\">');\nif(i<0) { return null; }\nvar t = $._.indexOf('</ul>', i);\nif(t<0) { return null; }\nvar res = [];\nvar re = /a href=\"([^\"]+)\"/gi\nvar data=$._.substring(i,t);\nvar a = re.exec(data);\nwhile(a)   {\n   res.push([a[1]]);\n   a = re.exec( data );\n}\nreturn res;","img":"^(img\\.focalprice\\.com/+)(?!860x666)\\d+x\\d+/","to":"$1860x666/","note":"Baton34V\nhttp://forum.ru-board.com/topic.cgi?forum=5&topic=48222&start=3360\n\nПРИМЕРЫ\nhttps://www.focalprice.com/toys-hobbies-43\nhttps://www.focalprice.com/xiaomi-120"}}