{"R_NexusMods.com_images":{"link":"^(nexusmods\\.com/[\\w-]+/mods/\\d+)$","url":": $[1]+'?tab=images';","res":":\nvar i = $._.indexOf('<ul class=\"thumbgallery gallery clearfix\">');\nif(i<0) { return null; }\nvar t = $._.indexOf('<div id=\"fileinfo\"', i);\nif(t<0) { return null; }\nlet data=$._.substring(i,t);\nvar res = [];\nvar re = /data-src=\"([^\"]+)\"/gi\nvar a = re.exec(data);\nwhile(a)   {\n   res.push([a[1]]);\n   a = re.exec(data);\n}\nreturn res;\n","note":"Baton34V\nhttp://forum.ru-board.com/topic.cgi?forum=5&topic=50874&start=1680#17\n\nПРИМЕРЫ / EXAMPLES\nhttps://www.nexusmods.com/sacred2?tab=popular+%28all+time%29"}}