{"O_Old.Reddit_Gallery":{"off":1,"link":"^(?:np\\.)?(reddit\\.com/)gallery/([\\da-z]+).*","url":"//www.$1by_id/t3_$2.json","res":":\n$=JSON.parse($._).data.children[0].data\nreturn ($.gallery_data && $.gallery_data.items || []).map(function(c, i) {\n var u=$.media_metadata[c.media_id].s\n return [\n  (u.u ? u.u.replace(/preview(\\.redd.it\\/[^?]+).*/, 'i$1') : (u.mp4 ? u.mp4 + '#mp4' : u.gif)),\n  (!i ? '[' + new Date($.created_utc*1e3).toLocaleString() + ' | ' + $.title + '] ' : '') + (c.caption || '')\n ]\n})","img":"^(?:[a-z]{2}(?:-[a-z]{2})?\\.|beta\\.|old\\.)?reddit\\.com/(?:r|user)/[^/]+/comments/([\\da-z]+)/[^/]+/(?:\\?utm_content=(?:title|thumbnail).*)?$","loop":2,"to":":\nvar n = window.location.hostname.slice(-10) == 'reddit.com' && this.node\nif(!n) return ''\nif(n.matches('div.link a.thumbnail,div.link a.thumbnail>img, div.link a.title, div.link a.thumbnail.image')) {\n\twhile((n = n.parentNode) && !n.matches('div.link'));\n\tn=n.getAttribute('data-url')\n\tif(n&&n.match(/reddit\\.com\\/gallery\\/[\\da-z]+/g))return n\n}\nreturn ''","note":"Dulus_No\nhttps://www.reddit.com/r/imagus/comments/zznk76/comment/j2ea0a9\nOLD\nhttps://www.reddit.com/r/imagus/comments/jmdhpf/comment/gbx8v08\nhttps://www.reddit.com/r/imagus/comments/jtqjhu/sieve_for_reddit_galleries_broken_again/\n\n!!!\nПросмотр галерей прямо из ленты на OLD.reddit.com. Не работает на reddit.com. \nПоддерживает ссылки такого типа: https://preview.redd.it/ah7slv08w69a1.gif?format=mp4&s=\n+\nNB! - Вызывает проблемы (красный индикатор) на видео Реддит в ленте.\n==\nView galleries on OLD.reddit.com. Does not work on reddit.com.\nSupports links of this type: https://preview.redd.it/ah7slv08w69a1.gif?format=mp4&s=\n+\nNB! - May cause problems (red indicator) on the Reddit video in the feed.\n\nПРИМЕРЫ / EXAMPLES\nhttps://www.reddit.com/r/all/\nhttps://old.reddit.com/r/travel/\nhttps://old.reddit.com/r/UnexpectedB99/comments/jrnw8l/i_love_this_community/\nhttps://old.reddit.com/r/discdyeing/comments/js8ayl/worm_dip_is_god/"}}