{"O_Old.Reddit_v.redd.it":{"off":1,"link":"^(?:v\\.redd\\.it|(?:[^.]{2,5}\\.)?reddit\\.com/link/[\\da-z]+/video)(/[\\da-z]+).*","loop":1,"url":"data:,$0","res":":\nthis.TRG.IMGS_ext_data = [\n  '//' + 'data:image/svg+xml,<svg xmlns=\"http://www.w3.org/2000/svg\" width=\"1280\" height=\"720\"></svg>',\n  `<imagus-extension type=\"videojs\" url=\"https://v.redd.it${$[1]}/DASHPlaylist.mpd\"></imagus-extension>${this.TRG.IMGS_caption}`\n]\nreturn 'imagus://extension'","img":"^preview(\\.redd.it/[^?]+)\\?.*","to":":\nreturn $[0].indexOf('format=mp4')>0 ? $[0]+'#mp4' : 'i'+$[1]","note":"Dulus_No\nhttps://www.reddit.com/r/imagus/comments/zznk76/comment/j2ea0a9"}}