{"O_Old.Reddit_i.redd.it_gif":{"off":1,"link":"^redditgif/\\?(.+)","url":"//www.reddit.com/by_id/$1.json","res":":\n$=JSON.parse($._).data.children[0].data\nreturn [$.preview.images[0].variants.mp4.source.url + '#mp4', '[' + new Date($.created_utc*1e3).toLocaleString() + '] ' + $.title]","img":"^i\\.redd\\.it/[\\da-z]+\\.gif","loop":2,"to":":\nvar n = window.location.hostname.slice(-10) == 'reddit.com' && this.node\nif(!n) return '$&'\nif(n.matches('div.link a.thumbnail,div.link a.thumbnail>img, div.link a.title, div.link a.thumbnail.image')) {\n\twhile((n = n.parentNode) && !n.matches('div.link'));\n\tn=n.getAttribute('data-fullname')\n\tif(n)return '//redditgif/?'+n\n}\nreturn '$&'","note":"Dulus_No\nhttps://www.reddit.com/r/imagus/comments/zznk76/comment/j2ea0a9"}}