{"R_ComputerUniverse.net":{"link":"^computeruniverse\\.net/\\w\\w/p/\\d+","res":":\nlet res=[];\nlet jsn=JSON.parse($._.match(/<script id=\"__NEXT_DATA__\" type=\"application\\/json\">(.+?)<\\/script>/)[1]);\nif (jsn.props.pageProps.legacyFormat==false) {\nconsole.log((jsn.props.pageProps.edgeContextEncoded));\n jsn=JSON.parse(decodeURIComponent(jsn.props.pageProps.edgeContextEncoded));\n}\nelse {\n jsn=jsn.props.pageProps.edgeContext;\n}\nfor (let imgUrl of jsn.pageData.staticData.product.ProductPictures) {\n  res.push(['https://img.computerunivers.net'+imgUrl.ImageUrlBig]);\n}\nreturn res;\n","img":"(img\\.computerunivers\\.net/images/)\\d\\dx\\d\\d(/[A-F0-9]+\\.\\w{3,4})$","to":"$11000x1000$2","note":"Baton34V\nhttp://forum.ru-board.com/topic.cgi?forum=5&topic=50874&start=1600#4\nOLD\nhttp://forum.ru-board.com/topic.cgi?forum=5&topic=50874&start=1200#13\nhttp://forum.ru-board.com/topic.cgi?forum=5&topic=50874&start=640#3\n\n!!!\nТребуется повторное наведение курсора.\n==\nRe-hovering of the cursor is required.\n\nПРИМЕРЫ / EXAMPLES\nhttps://www.computeruniverse.net/ru/c/noutbuki-planshety-i-pk/bloknoty-i-aksessuary"}}