{"R_Farpost.ru":{"link":"^farpost\\.ru/\\w+/\\w+/.+-\\d+\\.html","res":":\nlet i = $._.indexOf('<div class=\"image-gallery__big');\nif(i<0) { return null; }\nlet t = $._.indexOf('<div class=\"image-gallery__small', i);\nif(t<0) { return null; }\nlet res = [];\nlet re = /src=\"([^\"]+)_bulletin\"/gi\nlet data=$._.substring(i,t);\nlet a = re.exec(data);\nwhile(a)   {\n   res.push([a[1]+'_default']);\n   a = re.exec(data);\n}\nreturn res;","img":"^(static\\.baza\\.farpost\\.ru/v/\\d+)_(block|hugeBlock|bulletin|thumbnail\\d+)$","to":"$1_default","note":"destiny child\nhttp://forum.ru-board.com/topic.cgi?forum=5&topic=50874&start=1600#9\nOLD\nhttp://forum.ru-board.com/topic.cgi?forum=5&topic=50874&start=160#17\nhttp://forum.ru-board.com/topic.cgi?forum=5&topic=48222&start=1560#5\n\nПРИМЕРЫ\nhttps://www.farpost.ru/vladivostok/tech/appliances/washers/\nhttps://www.farpost.ru/vladivostok/tech/audio_video/tv/+/Philips/\nhttps://www.farpost.ru/vladivostok/realty/sell_business_realty"}}