{"R_Kinorium.com":{"link":"\\w\\w\\.kinorium\\.com/\\d+/gallery/","res":":\nvar i = $._.indexOf('<div class=\"gallery_page__container');\nif(i<0) {return null; }\nvar t = $._.indexOf('<script>', i);\nif(t<0) {return null; }\nvar res = [];\nvar re = /data-photo='([^']+)'/gi\nvar data=$._.substring(i,t);\nvar a = re.exec(data);\nwhile(a)   {\n   res.push([a[1]]);\n   a = re.exec(data);\n}\nreturn res;","img":"((?:\\w\\w-)?images\\.kinorium.com/(?:movie|persona)/)\\d+(/\\d+\\.\\w+)","to":"$11080$2\n$1600$2\n$1300$2","note":"Baton34V\nhttp://forum.ru-board.com/topic.cgi?forum=5&topic=50874&start=1600#7\nOLD\nhttp://forum.ru-board.com/topic.cgi?forum=5&topic=48222&start=3400#13\nhttp://forum.ru-board.com/topic.cgi?forum=5&topic=48222&start=1640#13\n\n!!!\nЕсть поддержка альбомов при наведении на все пункты меню \"Кадры\" (включая сам пункт \"Кадры\" на основной странице фильма/сериала).\n==\nThere is support for albums when hovering over all the \"Stills\" menu items (including the \"Stills\" item itself on the main movie/TV series page).\n\nПРИМЕРЫ / EXAMPLES\nhttps://ru.kinorium.com/116780/\nhttps://ru.kinorium.com/movies/home/\nhttps://ru.kinorium.com/search/?q=война\nhttps://en.kinorium.com/name/3581155/"}}