{"R_Kinopoisk_people":{"useimg":1,"link":"^kinopoisk\\.ru\\/(?:name|level\\/\\d+\\/people)\\/(\\d+)/photos/?$","res":":\nlet i = $._.search(/<div class=\"styles_root__[^ ]+ styles_gallery__/);\nif(i<0) { return null; }\nlet t = $._.indexOf('<div class=\"styles_bannerContainer__', i);\nif(t<0) { return null; }\nlet res = [];\nlet re = /<a href=\"([^\"]+)\" target=\"_blank\"/gi\nlet data=$._.substring(i,t)\nlet a = re.exec(data);\nwhile(a) {\n res.push([a[1]]);\n a = re.exec(data);\n}\nreturn res;","img":"^(avatars\\.mds\\.yandex\\.net/get-kinopoisk-image/\\d+/[\\w-]+/)\\d+x\\d+","to":"$1orig","note":"Baton34V\n[ЛС - 09-01-23]\nOLD\nhttp://forum.ru-board.com/topic.cgi?forum=5&topic=48222&start=3900#14\nhttp://forum.ru-board.com/topic.cgi?forum=5&topic=48222&start=3900#10\n\nПРИМЕРЫ\nПункт меню \"Фото\" в профиле актера/режиссера."}}