{"O_GettyImages":{"link":"^(gettyimages\\.com)(?:\\.au)?/detail/[^/]+/[^/]+/(\\d+).*","img":"^(?:media\\.(gettyimages\\.com)/[^/]+|cache\\d+\\.asset-cache\\.net/xr)/(?:[^?]+?-id)?([\\d+-]+).*","to":"//media.$1/photos/-id$2#?s=2048x2048&w=5 #","note":"ultraman55ty\nhttps://www.reddit.com/r/imagus/comments/12ghqmg/to_whoever_updates_the_sieves_please_add_this_to/\n\n\n!!!\nПоддержки видео пока нет.\n==\nThere is no video support yet.\n\n\nПРИМЕРЫ / EXAMPLES\nhttps://www.gettyimages.com/search/2/image?family=creative&phrase=ORANGE\nhttps://www.gettyimages.com/photos/family?assettype=image&license=rf&alloweduse=availableforalluses&family=creative&phrase=family&sort=best\nhttps://www.gettyimages.com/videos/orange?assettype=film&phrase=ORANGE\nhttps://www.gettyimages.com/videos/adventure?assettype=film&family=creative&phrase=adventure&sort=best&license=rf,rr"}}