{"R_Hoff.ru":{"link":"^hoff\\.ru/catalog/[\\w-/]+_id(\\d+)/(?:\\?articul=(\\d+))?","url":": 'https://hoff.ru/vue/catalog/product/?id='+ $[1] + ($[2] ? '&articul=' + $[2] : '');","res":":\nlet json=JSON.parse($._);\nlet res=[];\nfor (picture of json.data.slider.pictures) {\n  res.push([picture.src]);\n}\nreturn res;","note":"Baton34V\nhttp://forum.ru-board.com/topic.cgi?forum=5&topic=50874&start=1820#2\n\nПРИМЕРЫ\nhttps://hoff.ru/catalog/shkafy/shkafy_kupe/?stil=skandinavskiy\nhttps://hoff.ru/catalog/promo/dvuspalnye_krovati/?podemnyy_mekhanizm=bez_mehanizma&tsvet=dub_tyomnyy\nhttps://hoff.ru/catalog/tovary_dlya_doma/osveschenie/lustry_i_potolochnye_svetilniki/nastenno_potolochnye_svetilniki/\nhttps://hoff.ru/catalog/kresla/?page=all&direct=redirect_from_search&query=Кресла"}}