{"O_1x.com":{"useimg":1,"link":"^1x\\.com/photo/(\\d+)","res":"photos-feed-image-[^\"]+\" src=\"([^\"]+)\n<title>([^<]+)\n","img":"^(?:([^.]+\\.1x\\.com/images/user/[\\da-f]{32}-)(?:s[dq]|ld)(?=\\.)|1x\\.com/[A-Za-z0-9]+$)","to":":\nreturn $[1] ? `#${$[1]}#hd2 hd4 sd2 sd4#\\n${$[1]}` : this.node.closest('tr')?.querySelector('img')?.src","note":"Imagus_fan\nhttps://www.reddit.com/r/imagus/comments/130svfu/comment/jr9iz3u\nOLD\nhttps://www.reddit.com/r/imagus/comments/130svfu/comment/jns5il6\n\n!!!\nДля \"Thumbs mode\" работает как обычно. Для \"Flow mode\" - навести курсор на имя автора. \n==\nFor \"Thumbs mode\" works as usual. For \"Flow mode\" - hover the cursor over the author's name. \n\nEXAMPLES\nhttps://1x.com/gallery\nhttps://1x.com/gallery/latest/published\nhttps://1x.com/photo/51960/category/humour/latest-additions/wheels-and-heels"}}