{"O_APNews.com":{"link":"^apnews\\.com/(article|video)/[\\w-]+","res":":\nif($[1]==='video'){\nconst max_resolution = 1080 // <- Set maximum video resolution\nlet x = new XMLHttpRequest()\nx.open('Get','https://cdn.jwplayer.com/v2/media/'+$._.match(/data-media-id=\"([^\"]+)/)[1],false)\nx.send()\nx = JSON.parse(x.responseText).playlist[0]\nconst t = [x.title,x.description].filter(Boolean).join(\" | \")\nx = x.sources\nx = x.filter(i=>i.type==='video/mp4'&&i.height<=max_resolution).sort((a,b) => b.height-a.height)\nreturn [[['#'+x.shift().file,x.filter(i=>i.height<=540)[0]?.file],t]]\n} else {\nlet m = [...new Map([...$._.matchAll(/<img class=\"Image\" alt=\"([^\"]+)\"\\s*data-flickity-lazyload-srcset=\"[^?]+\\?url=([^\\s\"]+)/g)].map(i=>[i[2].replace(\"https%3A%2F%2F\",\"https://\").replaceAll(\"%2F\",\"/\"),i[1]]))]\nif(m&&m.length)m.unshift(m.splice(m.findIndex(i=>i[0]===($._.match(/\"ImageObject\",\"height\":\\d+,\"url\":\"[^?]+\\?url=([^\"]+)/)||[,''])[1].replace(\"https%3A%2F%2F\",\"https://\").replaceAll(\"%2F\",\"/\")),1)[0])\nif(!(m&&m.length)){\nm = /\"og:image\" content=\"[^?]+\\?url=([^\"]+).+?\"og:image:alt\" content=\"([^\"]+)/gs.exec($._)\nm = m ? [m[1].replace(\"https%3A%2F%2F\",\"https://\").replaceAll(\"%2F\",\"/\"),m[2]] : ''\n}\nreturn m\n}","img":"^dims\\.apnews\\.com/dims[^?]+\\?url=https%3A%2F%2F([^%]+%[a-f0-9/%]+)","dc":2,"loop":2,"to":":\nconst n = this.node.offsetParent.parentNode.attributes.url?.textContent\nreturn n&&/\\/video\\//.test(n) ? n : '//'+$[1]","note":"Imagus_fan\nhttps://www.reddit.com/r/imagus/comments/z7c5sl/comment/jqtwyhf\nOLD\nhttp://forum.ru-board.com/topic.cgi?forum=5&topic=50874&start=1500#15\n\n!!!\nВ фильтре можно определить качество видео - установите нужное значение в этой строке:\nconst max_resolution = 1080 // <- Set maximum video resolution\nМожно переключать качество видео клавишей TAB.\n==\nIn the sieve, you can determine the quality of the videos - set the desired value in this line:\nconst max_resolution = 1080 // <- Set maximum video resolution\nYou can switch the video quality by pressing TAB.\n\n\nEXAMPLES\nhttps://apnews.com/hub/travel\nhttps://apnews.com/hub/sports\nhttps://apnews.com/video"}}