{"O_FINN.no":{"link":"^(?:finn\\.no/(?:[^.]+\\.html\\?finnkode=)?\\d+|(finn/album\\?gallery)$)","url":": $[1]||/gallery/.test($[0]) ? 'data:,'+Date.now() : $[0]","res":":\nlet m, t\nif($[1]||/gallery/.test($[0]))$._ = document.body.outerHTML\nconst html = new DOMParser().parseFromString($._, \"text/html\").querySelector('div[data-carousel-container]')?.children\nif(html){\nm = [...html].map((i,n)=>[(i.firstElementChild.src&&i.firstElementChild.src.length?i.firstElementChild.src:i.firstElementChild.dataset.src),i.innerText])\nt = this.node.currentSrc?.match(/[^/]+$/)\nif(t&&t.length)m = m.concat(m.splice(0,m.findIndex(i=>RegExp(`${t}`).test(i[0]))))\n}else{\nlet o = JSON.parse(($._.match(/(?:type=\"application\\/json\">|window.__remixContext = )({.+?});?<\\//)||[,'{}'])[1])\nif(o&&o.state?.loaderData){\nm = Object.entries(o.state.loaderData)[1][1].objectData.ad.images.map(i=>[i.uri.replace(\"default\",\"1600w\"),i.description])\n}else if(o&&o.props?.pageProps?.initialState?.objectData?.images){\nm = o.props.pageProps.initialState.objectData.images.map(i=>[i.src])\n}else{\nm = null\n}\nt = this.node.currentSrc?.match(/[^/]+$/)||this.oImage\nif(t&&m)m=m.concat(m.splice(0,m.findIndex(i=>RegExp(`${t}`).test(i[0]))))\n}\ndelete this.oImage\nreturn m","img":"^([^.]*images\\.finncdn\\.no/dynamic/)[^/]+(/[^.]+\\.(?:jpe?g|png))(?!#)","loop":2,"to":":\nthis.oImage = $[2]\nreturn /\\/\\d{3,4}w\\//.test($[0]) ? 'finn/album?gallery' : $[1]+'1600w'+$[2]+'#'","note":"Imagus_fan\nhttps://www.reddit.com/r/imagus/comments/e2i020/comment/jrs77br\nOLD\nhttps://www.reddit.com/r/imagus/comments/e2i020/comment/ff550lr\n\nEXAMPLES\nhttps://www.finn.no/profil?userId=1427803289\nhttps://www.finn.no/bap/forsale/search.html?product_category=2.93.3215.45&sort=RELEVANCE\nhttps://www.finn.no/realestate/businessplots/search.html?sort=PUBLISHED_DESC\nhttps://www.finn.no/reise/feriehus-hytteutleie/norge/hvaler/\nhttps://www.finn.no/bap/forsale/ad.html?finnkode=309541670"}}