{"O_Grailed.com":{"link":"^grailed\\.com/listings/","res":":\nlet m = JSON.parse(($._.match(/application\\/json\">({.+?})<\\//)||[,'{}'])[1]).props?.pageProps.listing.photos.map(i => [i.url])\nif(!m)m = [...$._.matchAll(/PhotoGallery_thumbnails__[^\"]+\" src=\"([^\"]+)/g)].map(i=>[i[1].replace(/(process\\.fs\\.grailed\\.com\\/).+?\\/compress/,'$1')])\nreturn m\n","img":"^(process\\.fs\\.grailed\\.com/).+?/compress/","to":"$1","note":"Imagus_fan\nhttps://www.reddit.com/r/imagus/comments/14siym7/comment/jr2n21s\nOLD\nhttps://www.reddit.com/r/imagus/comments/kukuay/does_anybody_have_a_sieve_for_grailedcom/\n\nEXAMPLES\nhttps://www.grailed.com/designers/streetwear\nhttps://www.grailed.com/designers/enfin-leve\nhttps://www.grailed.com/categories/shorts\nhttps://www.grailed.com/shop/PcQyi3iYyA"}}