{"O_Listal.com":{"link":"^listal\\.com/(list|video|viewimage)/.*","res":":\nlet m;\nconst html = new DOMParser().parseFromString($._, \"text/html\");\nif($[1]==='video'){\nm = html.querySelector('iframe[src]')?.src\nreturn m&&m.length ? {loop:m} : ''\n} else if ($[1]==='viewimage'){\nm = html.querySelector('img[class=\"pure-img\"]')\nreturn [m.src.replace(/\\/\\d+full/,'/5000full'),m.alt]\n}else{\nreturn [...html.querySelector('div[id=\"customlistitems\"]')?.querySelectorAll('img[class=\"pure-img\"],img[loading=\"lazy\"],img[class=\"whiteshelfimage\"],img[src^=\"https://collage\"]')].map(i=>[i.src.replace(/\\d+full/,'5000full').replace(/\\?.*$/,'').replace(/(image\\/products\\/)\\d+/,'$15000'),[...new Set([i.alt,i.parentNode.parentNode.querySelector('div[class=\"text listnote\"],div[class=\"listsettitle2\"]')?.innerText.replace(/[\\n\\t]/g,'')])].filter(Boolean).join(\" | \")])\n}","img":"^(?:([lp]thumb\\.lisimg\\.com/[^?]+).*|list\\.lisimg\\.com/image/(\\d+)/\\d+full\\.jpg)","to":":\nreturn $[1] ? $[1] :\n`#//list.lisimg.com/${$[2]}/5000full.jpg\\n//list.lisimg.com/${$[2]}/1024full.jpg`","note":"Imagus_fan\nhttps://www.reddit.com/r/imagus/comments/130svfu/comment/jqhm6hq\n\nEXAMPLES\nhttps://www.listal.com/promoted/all/4\nhttps://www.listal.com/list/beautiful-world-unicornsugar\nhttps://www.listal.com/gigi-hadid/videos\nhttps://www.listal.com/gigi-hadid/pictures"}}