{"O_NRK.no":{"link":"^(?:nrk/no\\?album|nrk\\.no/video/[^_]+_(.*))","url":": $[1] ? 'https://psapi.nrk.no/playback/manifest/clip/'+$[1]: 'data:,'","res":":\nif($[1]){\nconst max_resolution = 1080; // <- Set highest resolution\nlet media = JSON.parse($._).playable.assets[0].url\nconst baseURL = media.match(/^(.+?\\/)playlist/)[1]\nvar x = new XMLHttpRequest()\nx.open('Get',media,false)\nx.send()\nlet res = [...x.responseText.matchAll(/RESOLUTION=(\\d+)x(\\d+)[^\\n]+\\n([^\\n]+)/g)].filter(i=>parseInt(i[1])<=max_resolution).sort((a,b)=>parseInt(b[1])-parseInt(a[1]))[0]\nthis.TRG.IMGS_ext_data = [\n  '//' + `data:image/svg+xml,<svg xmlns=\"http://www.w3.org/2000/svg\" width=\"${res[2]}\" height=\"${res[1]}\"></svg>`,\n  `<imagus-extension type=\"videojs\" url=\"${baseURL+res[3]}\"></imagus-extension>`\n]\nreturn res ? {loop:'imagus://extension'} : ''\n}else{\nlet m = [...[...document.querySelectorAll('div[data-scroll-container]')].find(i=>RegExp(`${this.oImage}`).test(i.innerHTML))?.children].map(i=>{img=i.firstChild?.firstChild?.srcset?.split(/,\\s*/); return img ? [['#'+img.pop().replace(/\\s\\d+w.*/gs,''),img.filter(i=>/\\s1\\d{3}w$/.test(i))[0]?.replace(/\\s\\d+w.*/gs,'')],i.lastChild.innerText]:''}).filter(Boolean)\ndelete this.oImage\nreturn m\n}\n","img":"^(?:mediaorigin|gfx)\\.nrk\\.no/.+","loop":2,"to":":\nif(this.node.offsetParent.attributes[\"data-scroll-container\"]){\nthis.oImage = $[0].replace(/[?+.*]/g,'\\\\$&')\nreturn 'nrk/no?album'+$[0]}\nlet img = document.querySelector(`[srcset*=\"${$[0]}\"]`)?.srcset.split(/,\\s*/)\nreturn img ? '#'+img.pop().replace(/\\s\\d+w.*/gs,'')+'\\n'+img.filter(i=>/\\s1\\d{3}w$/.test(i))[0]?.replace(/\\s\\d+w.*/gs,'') : $[0]","note":"Imagus_fan\nhttps://www.reddit.com/r/imagus/comments/e2i020/comment/jrxb6w9\n\nEXAMPLES\nhttps://www.nrk.no/dokumentar/xl/svindeloffer-blir-sittande-att-med-gjelda-1.16181160\nhttps://www.nrk.no/urix/svekkes-tradisjonen-med-a-gi-juletraer-til-britene_-1.15751861\nhttps://www.nrk.no/osloogviken/utgraving-pa-sem---funn-av-spesiell-buplass-og-beinrestar-1.16477738"}}