{"O_RedGIFs|Gfycat|Gifdelivery-x":{"link":"^((gfycat)|(?:[^.]+\\.)?redgifs|gifdeliverynetwork)\\.com/+(?:\\w\\w\\w?/|watch/)?(?!popular|privacy|support|partners|gifbrewery|gaming|reaction|upload|create|signup|cajax/)(?:ifr/|amp/)?(?:(?:(?:gifs/)?detail/)?([a-zA-Z]{7,})[^/?#]*/?(?:[?#].*)?|@([\\w.-]+)(?:/[^/]+)*/([\\w-]+).*)$","url":": 'https://api.'+($[2]||'redgifs')+'.com/v1/' + ($[4] ? 'users/'+$[4]+'/album_links/'+$[5] : 'gfycats/'+$[3])","res":":\nvar u,g,i=0,r=[], o=JSON.parse($._),rg='redgifs';\nif(o.errorMessage)return $[1]==rg ? null : {loop: $[0].replace($[1], rg)}\no=o.publishedGfys||[o.gfyItem]\nwhile(g=o[i++]) {\n u=['#'+g.webmUrl, '#'+g.mp4Url]\n g.mobileUrl&&u.push(g.mobileUrl)\n r.push([u, (g.title||'') + (g.tags&&g.tags.length ? ' ['+g.tags.join(', ')+']':'')])\n}\nreturn r.length ? r : null","img":"^(?:zippy|fat|giant|thumbs\\d*)\\.((gfycat)|redgifs)\\.com/([a-zA-Z]+).*","note":"imqswt\nhttps://www.reddit.com/r/imagus/comments/14z7zfs/comment/js1uhjs\n\n!!!\nВ некоторых случаях курсор нужно наводить на НАЗВАНИЕ или ДАТУ ролика.\n==\nIn some cases, you need to hover the cursor over the TITLE or DATE of the video.\n\n\nПРИМЕРЫ / EXAMPLES\nhttps://www.reddit.com/domain/redgifs.com/\nhttps://www.reddit.com/domain/gfycat.com/\nhttps://www.reddit.com/domain/gifdeliverynetwork.com/"}}