{"O_Rouming.cz":{"link":"^(rouming\\.cz/)roumingShow\\.php\\?file=([^&]+).*","img":"^(rouming\\.cz/)(?:thumbnails|archived)/(?:POH)?([^?]+).*","to":"$1#upload signed archived trash#/$2","note":"Imagus_fan\nhttps://www.reddit.com/r/imagus/comments/130svfu/comment/jr9iz3u\nOLD\nhttps://www.reddit.com/r/imagus/comments/bywq51/comment/ers570y\n\nEXAMPLES\nhttps://www.rouming.cz/\nhttps://rouming.cz/roumingListTop.php\nhttps://www.rouming.cz/roumingComments.php\nhttps://www.rouming.cz/roumingArchive.php"}}