{"O_Skeb.jp":{"link":"^skeb\\.jp/@([^/]+)/works/(\\d+)","url":"data:$1$2","res":":\nvar x = new XMLHttpRequest()\nx.open('Get','https://skeb.jp/api/users/'+$[1]+'/works/'+$[2],false)\nx.setRequestHeader(\"Authorization\",\"Bearer null\")\nx.send()\nlet jsn = JSON.parse(x.responseText)\nreturn [jsn.article_image_url].concat(jsn.previews.map(i=>i.url+(/fcdn/.test(i.url)?'#mp4':''))).filter(Boolean).map(i=>[i])","note":"Imagus_fan\nhttps://www.reddit.com/r/imagus/comments/130svfu/comment/jqhm6hq\nOLD\nhttp://forum.ru-board.com/topic.cgi?forum=5&topic=48222&start=3760#17\nhttps://www.reddit.com/r/imagus/comments/jra88g/sieve_for_skeb/\n\n\nEXAMPLES\nhttps://skeb.jp/#new_art_works\nhttps://skeb.jp/works?sort=date&genre=art\nhttps://skeb.jp/works?sort=date&genre=video"}}