{"O_XVideos.com-x":{"link":"^(?:.*\\.)?xvideos\\.com\\/(?:(search-video\\/).*|video(\\d+)(\\/|$).*)","loop":1,"url":": $[1] ? $[0].replaceAll(\"%5C\",\"\") : $[0]","res":":\nconst use_mp4 = false; // <- Set to true for mp4 video, false for HLS.\nif(!use_mp4){\nconst HLS_resolution = 1080;// <- Set resolution\nvar media = $._.match(/html5player\\.setVideoHLS\\('([^']+)/)[1]\nvar x = new XMLHttpRequest()\nx.open('Get',media,false)\nx.send()\nvar res = [...x.responseText.matchAll(RegExp(`NAME=\"\\\\d+p\"[^h]+([a-z0-9.-]+)`,'gs'))].map(i=>i[1]).filter(i=>parseInt(i.match(/hls-(\\d+)/)[1]\n)<=HLS_resolution).sort((a,b)=>parseInt(b.match(/hls-(\\d+)/)[1])-parseInt(a.match(/hls-(\\d+)/)[1]))[0]\nmedia = media.replace(\"hls.m3u8\",res)\nvar resolution = res.match(/hls-(\\d+)/)[1]\nthis.TRG.IMGS_ext_data = [\n  '//' + `data:image/svg+xml,<svg xmlns=\"http://www.w3.org/2000/svg\" width=\"${resolution/0.5625}\" height=\"${resolution}\"></svg>`,\n  `<imagus-extension type=\"videojs\" url=\"${(media&&media.length?media:'')}\"></imagus-extension>`\n]\nreturn media ? 'imagus://extension' : ''\n} else {\nreturn $._.match(/setVideoUrlHigh\\([\"']([^\"']+)/)[1]\n}","note":"imqswt\nhttps://www.reddit.com/r/imagus/comments/14vub0r/comment/jrhpx60\nOLD\nhttp://forum.ru-board.com/topic.cgi?forum=5&topic=50874&start=220#13\nhttps://www.reddit.com/r/imagus/comments/iv556b/nsfw_bunch_of_sieves_for_popular_adult_site_videos/\n\n!!!\nВ фильтре есть возможность настроить размер (от 480 до 1080) и формат (MP4 / HLS). MP4 позволяет сохранить видео, но имеет более низкое разрешение. Для сохранения видео в высоком разрешении пользуйтесь специализированными программами загрузки, например IDM.\nНайдите и замените на нужное значение:\nconst use_mp4 = false; // <- Set to true for mp4 video, false for HLS.\nconst HLS_resolution = 1080;// <- Set resolution\n+\nПока невозможно скачать HLS-видео с помощью Imagus, но есть сторонние программы, такие как IDM (Internet Download Manager), которые могут легко это сделать (панель загрузки появляется в правом верхнем углу видео). С его помощью вы можете скачивать HLS-видео в более высоком качестве, чем MP4.\n==\nThe sieve has the ability to adjust the size (from 480 to 1080) and format (MP4 / HLS). MP4 allows you to save videos, but has a lower resolution. To save videos in high resolution, use specialized download programs, such as IDM.\nFind and replace with the desired value:\nconst use_mp4 = false; // <- Set to true for mp4 video, false for HLS.\nconst HLS_resolution = 1080;// <- Set resolution\n+\nIt is not yet possible to download HLS videos using Imagus, but there are third-party programs, such as IDM (Internet Download Manager), that can do it easily (the download panel appears in the upper right corner of the video). With its help, you can download videos in much higher quality than in MP4.\n\n\nПРИМЕРЫ / EXAMPLES\nhttps://www.xvideos.com/c/Milf-19/4\nhttps://www.xvideos.com/c/s:uploaddate/Teen-13\nhttps://www.xvideos.com/?k=perfect"}}