{"R_AwesomeScreenshot.com_sharekey":{"useimg":1,"link":"^awesomescreenshot\\.com/(image|video)/(\\d+)\\?(key=\\w+)","url":": 'awesomescreenshot.com/api/v1/'+$[1]+'/load'+($[1]=='video' ? '_video' : '')+'?id='+$[2]+'&'+$[3];","res":":\ndebugger;\nlet jsn=JSON.parse($._);\nlet fUrl=($[1]=='video' ? 'fileMP4URI':'imageFileURI');\nlet res = jsn.data[$[1]][fUrl] || jsn.data[$[1]].fileWebMURI;\nreturn res;","note":"hababr\nhttp://forum.ru-board.com/topic.cgi?forum=5&topic=50874&start=2000#9\nOLD\nhttp://forum.ru-board.com/topic.cgi?forum=5&topic=50874&start=300#5\nhttp://forum.ru-board.com/topic.cgi?forum=5&bm=1&topic=50874&start=280\n\nПРИМЕРЫ / EXAMPLES\nhttp://forum.ru-board.com/topic.cgi?forum=5&topic=50874&start=280#20"}}