{"R_Behance.net":{"link":"^behance\\.net/gallery/\\d+/.*","res":":\nvar res = [];\nconst page = (new window.DOMParser()).parseFromString($._,'text/html');\nconst imgs = Array.from(page.querySelectorAll('#project-modules img'));\nfor(const img of imgs) {\n    res.push([img.dataset.src || img.src]);\n}\n\nreturn res;","img":"^(behance\\.vo\\.llnwd\\.net)(/profiles\\d+/\\d+/projects/\\d+/)([^/]+)(\\.(?:jpe?g|png|gif))$","to":"$1$2hd_$3$4","note":"hababr\nhttp://forum.ru-board.com/topic.cgi?forum=5&topic=50874&start=2000#9\nOLD\nhttp://forum.ru-board.com/topic.cgi?forum=5&topic=48222&start=3760#8\nhttp://forum.ru-board.com/topic.cgi?forum=5&topic=48222&start=3140#17\n\n!!!\nВ РФ нужен прокси.\n\nПРИМЕРЫ\nhttps://www.behance.net/vdpinto"}}