{"R_GSMarena.com":{"link":"^(gsmarena.com/)(newsdetail|([\\w+)(]+)(-review|-pictures|-news)?(-\\d+(?:p\\d+)?))(\\.php3?.*)","ci":1,"url":": $[4] || !$[5] ? $[0] : $[1] + $[3] + '-pictures' + $[5] + $[6]","res":":\nvar res = [];\nconst page = (new window.DOMParser()).parseFromString($._,'text/html');\nconst imgs = Array.from(page.querySelectorAll('#pictures-list img, #review-body img'));\nfor (const img of imgs) {\n    const src = (img.dataset.src || img.src)?.replace(/\\/-\\w+\\//, '/');\n    if (/jpe?g$/.test(src)) res.push([src]);\n}\n\nreturn res;","img":"^((?:[cf]dn|st\\d*)(\\.gsmarena\\.com/))(?:(?:pics?|(?:pics?/)?vv)/blogpics/[^/]+/i?cs-(\\d\\d)-(\\d\\d)-([^_]+)-|((?:vv|pics?)/+(?:[^/]+/)+?)thumb/|(imgroot/(?:[^/]+/+)+)-\\d*x?\\d+\\w*/(?=[^/]+))","to":":\nreturn $[3]?'st'+$[2]+'pics/'+$[3]+'/'+$[4]+'/'+$[5]+'/': $[1] + ($[6] || $[7]) + '# -1024x768m/#'","note":"hababr\nhttp://forum.ru-board.com/topic.cgi?forum=5&topic=50874&start=2000#9\n\nEXAMPLES\nhttps://www.gsmarena.com/xiaomi-phones-80.php\nhttps://www.gsmarena.com/oneplus_nord_2t-pictures-11517.php"}}