{"R_Pinterest":{"useimg":1,"link":"^(?:[a-z]{2}\\.)?pinterest(?:\\.[a-z]{2,3}){1,2}/pin/[\\w-]+/$","ci":3,"loop":3,"res":":\nconst res = [];\nconst data = JSON.parse(/<script id=\"__PWS_DATA__\"[^>]*>({.+?)<\\s*\\/\\s*script/.exec($._)[1]);\nconst pins = data.props.initialReduxState.pins;\nfor (const pin of Object.values(pins)) {\n  let url;\n  if (pin.videos) {\n    const list = pin.videos.video_list || {};\n    url = (list.V_1080P || list.V_720P || list.V_HLSV4)?.url;\n  }\n\n  if (!url) {\n    url = pin.image_medium_url.replace(/\\/\\d+x\\//, '/736x/');\n  }\n\n  if (url) {\n    res.push([url, pin.rich_metadata?.description?.trim() || pin.description.trim() || pin.closeup_description]);;\n  }\n}\n\nreturn res;\n","img":"^((?:i|(?:s-)?media-c(?:dn|ache\\D*)\\d*)\\.pin(?:terest|img)\\.com/)(?:(upload/\\d+_[^\\W_]{8})_[bft]|(?!550)\\d+x?\\d*(?:_[^/]+)?/|(avatars/[^.]+[_-]\\d+)(?:_(?!600)[^.]+)?(?=\\.))(.*)","to":":\n// check if this is a video pin\nconst pin = this.TRG.closest('[data-test-id=\"pin\"]');\nif (pin?.querySelector('[data-test-id^=\"pincard-video\"], [data-test-id=\"pinrep-video\"]')) {\n  return `https://ru.pinterest.com/pin/${pin.dataset.testPinId}/`\n}\n\nif($[1]) return $[1] + ($[2] ? $[2] : ($[3] ? $[3].replace(/(\\d+)_\\d+$/, '$1') + '_600' : '#originals 736x 564x#/' + $[4]))\nvar n=this.node, p=document.evaluate('./ancestor::a[starts-with(@href,\"/pin/\")]//img[contains(@src,\"pinimg.com\")]',n,null,9,null).singleNodeValue\np=p?this.find({src: p.src, IMGS_TRG: n}):''\nreturn (Array.isArray(p) ? p.join('\\n') : (p === null ? 'null' : p)) || ''","note":"hababr\nhttp://forum.ru-board.com/topic.cgi?forum=5&topic=50874&start=2000#14\n\nEXAMPLES\nhttps://www.reddit.com/domain/pinterest.com/\nhttps://ru.pinterest.com/sadlovernovels/cars/\nhttps://ru.pinterest.com/search/pins/?q=cackes&rs=typed\nhttps://ru.pinterest.com/search/videos/?q=cars&rs=filter"}}