{"O_Ceneo.pl":{"useimg":1,"link":"^(?:redirect\\.)?ceneo\\.pl/(?:products/)?\\d+","res":":\nlet o = JSON.parse(($._.match(/<script type=\"application\\/ld\\+json\">\\n(\\{.+?})\\n<\\//s)||[,'{}'])[1]);\nif (!o.image)return null;\nreturn o.image.map((i,n)=>!n?[i,o.description]:[i])","img":"^(image\\.ceneostatic\\.pl/data/products/\\d+/)[^i]","to":"$1i","note":"Imagus_fan\nhttps://www.reddit.com/r/imagus/comments/130svfu/comment/joowxsu\n\n!!!\nTo see all the product photos, you need to hover the cursor over the product name.\nSome products (rarely) may have a \"yellow indicator\".\n\n\nEXAMPLES\nhttps://www.ceneo.pl/Komputery\nhttps://www.ceneo.pl/Pokrycia_dachowe/Lokalizacja:Warszawa.htm\nhttps://www.ceneo.pl/Konsole_do_gier;szukaj-konsole+do+gier"}}