{"O_Head-Fi.org":{"link":"^head-fi\\.org/media/albums/[^.]+\\.\\d+","res":":\nreturn [...$._.matchAll(/-image' src='([^']+)/g)].map(i=>[i[1].replace(\"_thumb\",\"\")])","img":"^head-fi\\.org/media/[^.]+\\.\\d+","to":":\nconsole.log($,this.node)\nreturn this.node.src.replace(\"_thumb\",\"\")","note":"Imagus_fan\nhttps://www.reddit.com/r/imagus/comments/130svfu/comment/joowxsu\nOLD\nhttps://www.reddit.com/r/imagus/comments/44oxs0/sieve_for_headfiorg\n\nEXAMPLES\nhttps://www.head-fi.org/media/\nhttps://www.head-fi.org/media/albums/page-4"}}