{"O_Microscope.com":{"useimg":1,"link":"^microscope\\.com/(?:catalog/product/view/id/\\d+/category/\\d+/|[^-]+-[^.]+\\.html$)","res":":\nconst html = new DOMParser().parseFromString($._, \"text/html\");\nreturn [...html.querySelectorAll('img[class=\"gallery-image lazyload\"]')].map(i=>[i.dataset.src])","img":"^microscope\\.com/media/catalog/product/cache/\\d/(?:small_image|thumbnail)/\\d+x/[a-f0-9]+/(.*)","to":"https://www.microscope.com/media/catalog/product/cache/2/image/9df78eab33525d08d6e5fb8d27136e95/$1","note":"OLD\nhttps://www.reddit.com/r/imagus/comments/c8sfyl/comment/estqr02\n\n!!!\nЧтобы увидеть все фото продукта, курсор нужно наводить на название товара.\n==\nTo see all the product photos, you need to hover the cursor over the product name.\n\n\nEXAMPLES\nhttps://www.microscope.com/accessories\nhttps://www.microscope.com/stereo-microscopes\nhttps://www.microscope.com/compound-microscopes"}}