{"O_RedTube.com-x":{"link":"^(.*\\.)?redtube\\.com\\/(\\d{3}.*?)(\\/|\\?|$).*|redtube\\.com/media/mp4.*","loop":1,"url":": $[2] ? 'https://www.redtube.com/'+$[2] : $[0]","res":":\nconst max_resolution = 1080;\nif(!/^[{[]/.test($._)){\nreturn $._.match(/\"format\":\"mp4\",\"videoUrl\":\"([^\"]+)/)[1].replace(/\\\\/g,'')\n} else {\nconst vid=JSON.parse($._).filter(i=>parseInt(i.quality)<=max_resolution).sort((a,b)=>parseInt(b.quality)-parseInt(a.quality));\nreturn vid[0].videoUrl\n}\n\n","note":"imqswt\nhttps://www.reddit.com/r/imagus/comments/14kvena/comment/jpzgdx8\nOLD\nhttps://www.reddit.com/r/imagus/comments/iv556b/nsfw_bunch_of_sieves_for_popular_adult_site_videos/\n\n!!!\nВ РФ нужен прокси.\n\nEXAMPLES\nhttps://www.reddit.com/domain/redtube.com/"}}