{"O_Vero.co":{"link":"^vero/\\?album(.*)","url":"data:,$1","res":":\nreturn [...this.node.closest('div[class=\"slick-track\"]').children].map(i=>[[\"#\"+i.firstElementChild.src.match(/^[^_]+/),i.firstElementChild.src.replace(/_\\d+x\\d+/,\"_c1246x1246\")]])","img":"^(?:(d1dpu3msttfsqg\\.cloudfront\\.net/[a-f0-9-]{36}/[a-f0-9-]{36})_\\d+x\\d+(\\.[a-z]{3,4})|(d2hzlifut58gpa\\.cloudfront\\.net/[a-f0-9-]{36}/[a-f0-9-]{36}/)p0)","loop":2,"to":":\nreturn this.node.alt === \"Album image\" ? '//vero/?album'+$[0] : $[3] ? $[3]+'v0#mp4' : `#${$[1]}\\n${$[1]}_c1246x1246${$[2]}`","note":"Imagus_fan\nhttps://www.reddit.com/r/imagus/comments/130svfu/comment/joowxsu\n\nEXAMPLES\nhttps://vero.co/zacksnyder#type=photo\nhttps://vero.co/zacksnyder#type=video\nhttps://vero.co/zacksnyder#type=person"}}