{"O_XVideos.com-x":{"link":"^(?:.*\\.)?xvideos\\.com\\/video(\\d+)(\\/|$).*","loop":1,"res":":\nconst use_mp4 = false; // <- Set to true for mp4 video, false for HLS.\nif(!use_mp4){\nconst HLS_resolution = 1080;// <- Set resolution\nvar media = $._.match(/html5player\\.setVideoHLS\\('([^']+)/)[1]\nvar x = new XMLHttpRequest()\nx.open('Get',media,false)\nx.send()\nvar res = [...x.responseText.matchAll(RegExp(`NAME=\"\\\\d+p\"[^h]+([a-z0-9.-]+)`,'gs'))].map(i=>i[1]).filter(i=>parseInt(i.match(/hls-(\\d+)/)[1]\n)<=HLS_resolution).sort((a,b)=>parseInt(b.match(/hls-(\\d+)/)[1])-parseInt(a.match(/hls-(\\d+)/)[1]))[0]\nmedia = media.replace(\"hls.m3u8\",res)\nvar resolution = res.match(/hls-(\\d+)/)[1]\nthis.TRG.IMGS_ext_data = [\n  '//' + `data:image/svg+xml,<svg xmlns=\"http://www.w3.org/2000/svg\" width=\"${resolution/0.5625}\" height=\"${resolution}\"></svg>`,\n  `<imagus-extension type=\"videojs\" url=\"${(media&&media.length?media:'')}\"></imagus-extension>`\n]\nreturn media ? 'imagus://extension' : ''\n} else {\nconst url = $._.match(/setVideoUrlHigh.*\\.mp4\\?.*?'/)[0].replace(/setVideoUrlHigh.*\\('(.*?)'/, '$1');\nreturn url\n}","note":"imqswt\nhttps://www.reddit.com/r/imagus/comments/14kvena/comment/jq3f1va\nOLD\nhttp://forum.ru-board.com/topic.cgi?forum=5&topic=50874&start=220#13\nhttps://www.reddit.com/r/imagus/comments/iv556b/nsfw_bunch_of_sieves_for_popular_adult_site_videos/\n\n!!!\nВ фильтре есть возможность настроить размер (от 480 до 1080) и формат (MP4 / HLS). MP4 позволяет сохранить видео, но имеет более низкое разрешение. Для сохранения видео в высоком разрешении пользуйтесь специализированными программами загрузки, например IDM.\nНайдите и замените на нужное значение:\nconst use_mp4 = false; // <- Set to true for mp4 video, false for HLS.\nconst HLS_resolution = 1080;// <- Set resolution\n==\nThe sieve has the ability to adjust the size (from 480 to 1080) and format (MP4 / HLS). MP4 allows you to save videos, but has a lower resolution. To save videos in high resolution, use specialized download programs, such as IDM.\nFind and replace with the desired value:\nconst use_mp4 = false; // <- Set to true for mp4 video, false for HLS.\nconst HLS_resolution = 1080;// <- Set resolution\n\n\nПРИМЕРЫ / EXAMPLES\nhttps://www.xvideos.com/c/Milf-19/4\nhttps://www.xvideos.com/c/s:uploaddate/Teen-13"}}