{"O_YouPorn.com-x":{"link":"^(?:.*\\.)?youporn\\.com\\/watch/(\\d+)/.*","url":"https://www.youporn.com/api/video/media_definitions/$1/","res":":\nconst max_resolution = 1080;\nconst vid=JSON.parse($._).filter(i=>i.format===\"mp4\"&&parseInt(i.quality)<=max_resolution).sort((a,b)=>parseInt(b.quality)-parseInt(a.quality));\nreturn vid[0].videoUrl","note":"imqswt\nhttps://www.reddit.com/r/imagus/comments/14kvena/comment/jpzgdx8\nOLD\nhttp://forum.ru-board.com/topic.cgi?forum=5&topic=48222&start=3720#6\nhttps://www.reddit.com/r/imagus/comments/iv556b/nsfw_bunch_of_sieves_for_popular_adult_site_videos/\n\n\nEXAMPLES\nhttps://www.youporn.com/"}}