{"R_pr0gramm.com":{"link":"^pr0gramm\\.com/.+/?(.+)?/(\\d+)$","ci":1,"url":"https://pr0gramm.com/api/items/get?id=$2&flags=1&tags=$1","res":":\nlet jsn=JSON.parse($._);\nlet url='pr0gramm.com/'+jsn.items[0].image;\n\nif (url.slice(-3)=='mp4')\n{\n  return 'https://vid.' + url;\n}\nelse {\n  return 'https://img.' + url;\n}","note":"hababr\nhttp://forum.ru-board.com/topic.cgi?forum=5&topic=50874&start=1980#8\nOLD\nhttp://forum.ru-board.com/topic.cgi?forum=5&topic=50874&start=940#18\n\nEXAMPLES\nhttps://pr0gramm.com/new/!%20meme\nhttps://pr0gramm.com/new/!%20-'tiktok'\nhttps://pr0gramm.com/user/Land/uploads"}}