{"R_Vixen_Media_Group-x":{"link":"(vixen|tushy|tushyraw|blacked|blackedraw|slayed|deeper|milfy)\\.com/videos/.+","res":":\nconst max_resolution = 1080;\n\nconst vidId = $._.match(/(?:videoTokenId|newId)\":\"(?<id>\\d+)/)?.groups?.id;\nif (!vidId) return;\n\nconst req = new XMLHttpRequest();\nreq.open('POST', `https://www.${$[1]}.com/graphql`, false);\nreq.setRequestHeader('Content-Type', 'application/json');\nreq.send(\n  `{\"operationName\":\"getToken\",\"variables\":{\"videoId\":\"${vidId}\",\"device\":\"trailer\"},\"query\":\"query getToken($videoId: ID!, $device: Device!) {generateVideoToken(input: {videoId: $videoId, device: $device}) {p270 {token}p360 {token}p480 {token}p720 {token}p1080 {token}p2160 {token}}}\"}`\n);\nif (req.status !== 200) return;\n\nlet streams = {};\ntry { streams = JSON.parse(req.responseText)?.data?.generateVideoToken;} catch (e) { return; }\n\nconst trailers = Object.keys(streams)\n  .map(s => ({ res: Number(s.replace(/\\D/g, '')), url: streams[s]?.token }))\n  .filter(a => a.res <= max_resolution)\n  .sort((a, b) => a.res - b.res);\n\nreturn trailers.pop()?.url || null;","note":"gpl2731\nhttp://forum.ru-board.com/topic.cgi?forum=5&topic=50874&start=1943&limit=1&m=1#1\nOLD\nhttp://forum.ru-board.com/topic.cgi?forum=5&topic=50874&start=220#11\nhttp://forum.ru-board.com/topic.cgi?forum=5&topic=48222&start=3800#21\n\nLIST:\nblacked.com\nblackedraw.com\ndeeper.com\nmilfy.com\nslayed.com\ntushy.com\ntushyraw.com\nvixen.com\n\n!!!\nВ РФ нужен прокси.\n==\nChange max_resolution to your max preferred resolution.\ne.g.\n1080 will result in 1080p video\n900 will result in 720p video\n\nПРИМЕРЫ / EXAMPLES:\nhttps://www.blackedraw.com/videos?search=cuckold&sort=rating\nhttps://www.deeper.com/videos?search=big+tits\nhttps://www.slayed.com/videos?search=natural+tits\nhttps://www.milfy.com/videos?search=Doggystyle\nhttps://www.vixen.com/videos?search=cow+girl"}}