{"R_Walmart.com":{"link":"^walmart.com/ip/.+/\\d+","res":":\nconst res = [];\nconst images = JSON.parse(/\"allImages\":\\s*(\\[.+?\\])/.exec($._)[1]);\nfor (let img of images) {\n   res.push([img.url]);\n}\nreturn res;","img":"^(i\\d\\.walmartimages\\.com/[^?]+).+","to":"$1","note":"hababr\nhttp://forum.ru-board.com/topic.cgi?forum=5&topic=50874&start=1940#20\nOLD\nhttps://www.reddit.com/r/imagus/comments/fdqbls/comment/fjkohxy\n\n!!!\nВ РФ нужен прокси.\n\nEXAMPLES\nhttps://www.walmart.com/search?page=1&query=meat+grinder&sort=price_high\nhttps://www.walmart.com/browse/cell-phones/samsung-galaxy-phones/1105910_7551331_1986562"}}