{"R_Wikimedia":{"useimg":1,"link":"^[^/]{4,70}/(?:[^/#?]*/)*?(?:index\\.php\\?title=)?(?:(?:%\\w\\w){2,42}|[ABDFIPST](?:%\\w\\w|[^\\d:/?&#]){2,10})(?::|%3A)[^/&]{1,512}\\.(?:jp(?:g|eg?)|a?png|gif|svgz?|web[pm]|bmp|og[gv]|mp4)(?!&action=)","ci":3,"dc":1,"res":"<div class=\"(?:fullMedia)\">(?:<\\w+>)?<(?:a href|img (?:border=\"0\" )?src)=\"([^\"]+)","img":"^([^/]+/+([^/]+/+)*?)(?:thumb|(images|avatars))/((?:archive/)?\\w{1,2}/\\w{1,4}/([^/]+(?:\\.(jpe?g|gif|png|svgz?|tif)|(?=/revision/))))(?:/(lossy-page\\d+-)?\\d+px-(?:\\3|thumbnail).*|(/revision/)[^?]*)","to":":\ndebugger;\nif($[7])return $[1] + 'thumb/' + $[4] + '/' + $[7] + '2048px-' + $[5] + '.jpg';\nreturn '#' + $[1] + ($[3] ? $[3] + '/' : '') + $[4] + (!$[8] && !$[1].lastIndexOf('upload.wikimedia.org',0) && !/^gif/i.test($[6]) ? '\\n'+ $[1] + 'thumb/' + $[4] + '/1024px-' + $[5] + (/^svg/i.test($[6]) ? '.png' : '') : ($[8] ? $[8] + 'latest' : ''))","note":"hababr\nhttp://forum.ru-board.com/topic.cgi?forum=5&topic=50874&start=1980#2\n\nEXAMPLES\nhttps://commons.wikimedia.org/wiki/Category:Camcorders\nhttps://commons.wikimedia.org/wiki/Category:Videos_taken_with_Nikon_Coolpix_P7100\nhttps://commons.wikimedia.org/wiki/Category:Videos_taken_with_Panasonic"}}